LIT,diff.name,mean.a,mean.b,mean.diff,var.a,var.b,sd.diff,tcalc,approx_p_value
KRN,KRN_4A_4A-2 vs. KRN_4A_4A-1,0,0,0,0,0,0,NA,NA
KRN,KRN_4A_4A-3 vs. KRN_4A_4A-1,0,0,0,0,0,0,NA,NA
KRN,KRN_4A_4A-4 vs. KRN_4A_4A-1,0,0,0,0,0,0,NA,NA
KRN,KRN_4A_4A-5 vs. KRN_4A_4A-1,0,0,0,0,0,0,NA,NA
KRN,KRN_4A_4A-6 vs. KRN_4A_4A-1,0,0,0,0,0,0,NA,NA
KRN,KRN_4B_4B-1 vs. KRN_4A_4A-1,0,0,0,0,0,0,NA,NA
KRN,KRN_4B_4B-2 vs. KRN_4A_4A-1,0,0,0,0,0,0,NA,NA
KRN,KRN_4B_4B-3 vs. KRN_4A_4A-1,0,0,0,0,0,0,NA,NA
KRN,KRN_5A_5A-1 vs. KRN_4A_4A-1,0,0,0,0,0,0,NA,NA
KRN,KRN_5A_5A-3 vs. KRN_4A_4A-1,0,0,0,0,0,0,NA,NA
KRN,KRN_5A_5A-4 vs. KRN_4A_4A-1,0,0,0,0,0,0,NA,NA
KRN,KRN_5A_5A-6 vs. KRN_4A_4A-1,0,0,0,0,0,0,NA,NA
KRN,KRN_5A_5A-7 vs. KRN_4A_4A-1,0,0,0,0,0,0,NA,NA
KRN,KRN_5B_5B-1 vs. KRN_4A_4A-1,0,0,0,0,0,0,NA,NA
KRN,KRN_5B_5B-2 vs. KRN_4A_4A-1,0,0,0,0,0,0,NA,NA
KRN,KRN_5B_5B-3 vs. KRN_4A_4A-1,0,0,0,0,0,0,NA,NA
KRN,KRN_5B_5B-5 vs. KRN_4A_4A-1,0,0,0,0,0,0,NA,NA
KRN,KRN_5B_5B-6 vs. KRN_4A_4A-1,0,0,0,0,0,0,NA,NA
KRN,KRN_5B_5B-7 vs. KRN_4A_4A-1,0,0,0,0,0,0,NA,NA
KRN,KRN_5B_5B-8 vs. KRN_4A_4A-1,0,0,0,0,0,0,NA,NA
KRN,KRN_6A_6A-1 vs. KRN_4A_4A-1,0,0,0,0,0,0,NA,NA
KRN,KRN_6A_6A-2 vs. KRN_4A_4A-1,0,0,0,0,0,0,NA,NA
KRN,KRN_6A_6A-4 vs. KRN_4A_4A-1,0,0,0,0,0,0,NA,NA
KRN,KRN_6A_6A-5 vs. KRN_4A_4A-1,0,0,0,0,0,0,NA,NA
KRN,KRN_4A_4A-3 vs. KRN_4A_4A-2,0,0,0,0,0,0,NA,NA
KRN,KRN_4A_4A-4 vs. KRN_4A_4A-2,0,0,0,0,0,0,NA,NA
KRN,KRN_4A_4A-5 vs. KRN_4A_4A-2,0,0,0,0,0,0,NA,NA
KRN,KRN_4A_4A-6 vs. KRN_4A_4A-2,0,0,0,0,0,0,NA,NA
KRN,KRN_4B_4B-1 vs. KRN_4A_4A-2,0,0,0,0,0,0,NA,NA
KRN,KRN_4B_4B-2 vs. KRN_4A_4A-2,0,0,0,0,0,0,NA,NA
KRN,KRN_4B_4B-3 vs. KRN_4A_4A-2,0,0,0,0,0,0,NA,NA
KRN,KRN_5A_5A-1 vs. KRN_4A_4A-2,0,0,0,0,0,0,NA,NA
KRN,KRN_5A_5A-3 vs. KRN_4A_4A-2,0,0,0,0,0,0,NA,NA
KRN,KRN_5A_5A-4 vs. KRN_4A_4A-2,0,0,0,0,0,0,NA,NA
KRN,KRN_5A_5A-6 vs. KRN_4A_4A-2,0,0,0,0,0,0,NA,NA
KRN,KRN_5A_5A-7 vs. KRN_4A_4A-2,0,0,0,0,0,0,NA,NA
KRN,KRN_5B_5B-1 vs. KRN_4A_4A-2,0,0,0,0,0,0,NA,NA
KRN,KRN_5B_5B-2 vs. KRN_4A_4A-2,0,0,0,0,0,0,NA,NA
KRN,KRN_5B_5B-3 vs. KRN_4A_4A-2,0,0,0,0,0,0,NA,NA
KRN,KRN_5B_5B-5 vs. KRN_4A_4A-2,0,0,0,0,0,0,NA,NA
KRN,KRN_5B_5B-6 vs. KRN_4A_4A-2,0,0,0,0,0,0,NA,NA
KRN,KRN_5B_5B-7 vs. KRN_4A_4A-2,0,0,0,0,0,0,NA,NA
KRN,KRN_5B_5B-8 vs. KRN_4A_4A-2,0,0,0,0,0,0,NA,NA
KRN,KRN_6A_6A-1 vs. KRN_4A_4A-2,0,0,0,0,0,0,NA,NA
KRN,KRN_6A_6A-2 vs. KRN_4A_4A-2,0,0,0,0,0,0,NA,NA
KRN,KRN_6A_6A-4 vs. KRN_4A_4A-2,0,0,0,0,0,0,NA,NA
KRN,KRN_6A_6A-5 vs. KRN_4A_4A-2,0,0,0,0,0,0,NA,NA
KRN,KRN_4A_4A-4 vs. KRN_4A_4A-3,0,0,0,0,0,0,NA,NA
KRN,KRN_4A_4A-5 vs. KRN_4A_4A-3,0,0,0,0,0,0,NA,NA
KRN,KRN_4A_4A-6 vs. KRN_4A_4A-3,0,0,0,0,0,0,NA,NA
KRN,KRN_4B_4B-1 vs. KRN_4A_4A-3,0,0,0,0,0,0,NA,NA
KRN,KRN_4B_4B-2 vs. KRN_4A_4A-3,0,0,0,0,0,0,NA,NA
KRN,KRN_4B_4B-3 vs. KRN_4A_4A-3,0,0,0,0,0,0,NA,NA
KRN,KRN_5A_5A-1 vs. KRN_4A_4A-3,0,0,0,0,0,0,NA,NA
KRN,KRN_5A_5A-3 vs. KRN_4A_4A-3,0,0,0,0,0,0,NA,NA
KRN,KRN_5A_5A-4 vs. KRN_4A_4A-3,0,0,0,0,0,0,NA,NA
KRN,KRN_5A_5A-6 vs. KRN_4A_4A-3,0,0,0,0,0,0,NA,NA
KRN,KRN_5A_5A-7 vs. KRN_4A_4A-3,0,0,0,0,0,0,NA,NA
KRN,KRN_5B_5B-1 vs. KRN_4A_4A-3,0,0,0,0,0,0,NA,NA
KRN,KRN_5B_5B-2 vs. KRN_4A_4A-3,0,0,0,0,0,0,NA,NA
KRN,KRN_5B_5B-3 vs. KRN_4A_4A-3,0,0,0,0,0,0,NA,NA
KRN,KRN_5B_5B-5 vs. KRN_4A_4A-3,0,0,0,0,0,0,NA,NA
KRN,KRN_5B_5B-6 vs. KRN_4A_4A-3,0,0,0,0,0,0,NA,NA
KRN,KRN_5B_5B-7 vs. KRN_4A_4A-3,0,0,0,0,0,0,NA,NA
KRN,KRN_5B_5B-8 vs. KRN_4A_4A-3,0,0,0,0,0,0,NA,NA
KRN,KRN_6A_6A-1 vs. KRN_4A_4A-3,0,0,0,0,0,0,NA,NA
KRN,KRN_6A_6A-2 vs. KRN_4A_4A-3,0,0,0,0,0,0,NA,NA
KRN,KRN_6A_6A-4 vs. KRN_4A_4A-3,0,0,0,0,0,0,NA,NA
KRN,KRN_6A_6A-5 vs. KRN_4A_4A-3,0,0,0,0,0,0,NA,NA
KRN,KRN_4A_4A-5 vs. KRN_4A_4A-4,0,0,0,0,0,0,NA,NA
KRN,KRN_4A_4A-6 vs. KRN_4A_4A-4,0,0,0,0,0,0,NA,NA
KRN,KRN_4B_4B-1 vs. KRN_4A_4A-4,0,0,0,0,0,0,NA,NA
KRN,KRN_4B_4B-2 vs. KRN_4A_4A-4,0,0,0,0,0,0,NA,NA
KRN,KRN_4B_4B-3 vs. KRN_4A_4A-4,0,0,0,0,0,0,NA,NA
KRN,KRN_5A_5A-1 vs. KRN_4A_4A-4,0,0,0,0,0,0,NA,NA
KRN,KRN_5A_5A-3 vs. KRN_4A_4A-4,0,0,0,0,0,0,NA,NA
KRN,KRN_5A_5A-4 vs. KRN_4A_4A-4,0,0,0,0,0,0,NA,NA
KRN,KRN_5A_5A-6 vs. KRN_4A_4A-4,0,0,0,0,0,0,NA,NA
KRN,KRN_5A_5A-7 vs. KRN_4A_4A-4,0,0,0,0,0,0,NA,NA
KRN,KRN_5B_5B-1 vs. KRN_4A_4A-4,0,0,0,0,0,0,NA,NA
KRN,KRN_5B_5B-2 vs. KRN_4A_4A-4,0,0,0,0,0,0,NA,NA
KRN,KRN_5B_5B-3 vs. KRN_4A_4A-4,0,0,0,0,0,0,NA,NA
KRN,KRN_5B_5B-5 vs. KRN_4A_4A-4,0,0,0,0,0,0,NA,NA
KRN,KRN_5B_5B-6 vs. KRN_4A_4A-4,0,0,0,0,0,0,NA,NA
KRN,KRN_5B_5B-7 vs. KRN_4A_4A-4,0,0,0,0,0,0,NA,NA
KRN,KRN_5B_5B-8 vs. KRN_4A_4A-4,0,0,0,0,0,0,NA,NA
KRN,KRN_6A_6A-1 vs. KRN_4A_4A-4,0,0,0,0,0,0,NA,NA
KRN,KRN_6A_6A-2 vs. KRN_4A_4A-4,0,0,0,0,0,0,NA,NA
KRN,KRN_6A_6A-4 vs. KRN_4A_4A-4,0,0,0,0,0,0,NA,NA
KRN,KRN_6A_6A-5 vs. KRN_4A_4A-4,0,0,0,0,0,0,NA,NA
KRN,KRN_4A_4A-6 vs. KRN_4A_4A-5,0,0,0,0,0,0,NA,NA
KRN,KRN_4B_4B-1 vs. KRN_4A_4A-5,0,0,0,0,0,0,NA,NA
KRN,KRN_4B_4B-2 vs. KRN_4A_4A-5,0,0,0,0,0,0,NA,NA
KRN,KRN_4B_4B-3 vs. KRN_4A_4A-5,0,0,0,0,0,0,NA,NA
KRN,KRN_5A_5A-1 vs. KRN_4A_4A-5,0,0,0,0,0,0,NA,NA
KRN,KRN_5A_5A-3 vs. KRN_4A_4A-5,0,0,0,0,0,0,NA,NA
KRN,KRN_5A_5A-4 vs. KRN_4A_4A-5,0,0,0,0,0,0,NA,NA
KRN,KRN_5A_5A-6 vs. KRN_4A_4A-5,0,0,0,0,0,0,NA,NA
KRN,KRN_5A_5A-7 vs. KRN_4A_4A-5,0,0,0,0,0,0,NA,NA
KRN,KRN_5B_5B-1 vs. KRN_4A_4A-5,0,0,0,0,0,0,NA,NA
KRN,KRN_5B_5B-2 vs. KRN_4A_4A-5,0,0,0,0,0,0,NA,NA
KRN,KRN_5B_5B-3 vs. KRN_4A_4A-5,0,0,0,0,0,0,NA,NA
KRN,KRN_5B_5B-5 vs. KRN_4A_4A-5,0,0,0,0,0,0,NA,NA
KRN,KRN_5B_5B-6 vs. KRN_4A_4A-5,0,0,0,0,0,0,NA,NA
KRN,KRN_5B_5B-7 vs. KRN_4A_4A-5,0,0,0,0,0,0,NA,NA
KRN,KRN_5B_5B-8 vs. KRN_4A_4A-5,0,0,0,0,0,0,NA,NA
KRN,KRN_6A_6A-1 vs. KRN_4A_4A-5,0,0,0,0,0,0,NA,NA
KRN,KRN_6A_6A-2 vs. KRN_4A_4A-5,0,0,0,0,0,0,NA,NA
KRN,KRN_6A_6A-4 vs. KRN_4A_4A-5,0,0,0,0,0,0,NA,NA
KRN,KRN_6A_6A-5 vs. KRN_4A_4A-5,0,0,0,0,0,0,NA,NA
KRN,KRN_4B_4B-1 vs. KRN_4A_4A-6,0,0,0,0,0,0,NA,NA
KRN,KRN_4B_4B-2 vs. KRN_4A_4A-6,0,0,0,0,0,0,NA,NA
KRN,KRN_4B_4B-3 vs. KRN_4A_4A-6,0,0,0,0,0,0,NA,NA
KRN,KRN_5A_5A-1 vs. KRN_4A_4A-6,0,0,0,0,0,0,NA,NA
KRN,KRN_5A_5A-3 vs. KRN_4A_4A-6,0,0,0,0,0,0,NA,NA
KRN,KRN_5A_5A-4 vs. KRN_4A_4A-6,0,0,0,0,0,0,NA,NA
KRN,KRN_5A_5A-6 vs. KRN_4A_4A-6,0,0,0,0,0,0,NA,NA
KRN,KRN_5A_5A-7 vs. KRN_4A_4A-6,0,0,0,0,0,0,NA,NA
KRN,KRN_5B_5B-1 vs. KRN_4A_4A-6,0,0,0,0,0,0,NA,NA
KRN,KRN_5B_5B-2 vs. KRN_4A_4A-6,0,0,0,0,0,0,NA,NA
KRN,KRN_5B_5B-3 vs. KRN_4A_4A-6,0,0,0,0,0,0,NA,NA
KRN,KRN_5B_5B-5 vs. KRN_4A_4A-6,0,0,0,0,0,0,NA,NA
KRN,KRN_5B_5B-6 vs. KRN_4A_4A-6,0,0,0,0,0,0,NA,NA
KRN,KRN_5B_5B-7 vs. KRN_4A_4A-6,0,0,0,0,0,0,NA,NA
KRN,KRN_5B_5B-8 vs. KRN_4A_4A-6,0,0,0,0,0,0,NA,NA
KRN,KRN_6A_6A-1 vs. KRN_4A_4A-6,0,0,0,0,0,0,NA,NA
KRN,KRN_6A_6A-2 vs. KRN_4A_4A-6,0,0,0,0,0,0,NA,NA
KRN,KRN_6A_6A-4 vs. KRN_4A_4A-6,0,0,0,0,0,0,NA,NA
KRN,KRN_6A_6A-5 vs. KRN_4A_4A-6,0,0,0,0,0,0,NA,NA
KRN,KRN_4B_4B-2 vs. KRN_4B_4B-1,0,0,0,0,0,0,NA,NA
KRN,KRN_4B_4B-3 vs. KRN_4B_4B-1,0,0,0,0,0,0,NA,NA
KRN,KRN_5A_5A-1 vs. KRN_4B_4B-1,0,0,0,0,0,0,NA,NA
KRN,KRN_5A_5A-3 vs. KRN_4B_4B-1,0,0,0,0,0,0,NA,NA
KRN,KRN_5A_5A-4 vs. KRN_4B_4B-1,0,0,0,0,0,0,NA,NA
KRN,KRN_5A_5A-6 vs. KRN_4B_4B-1,0,0,0,0,0,0,NA,NA
KRN,KRN_5A_5A-7 vs. KRN_4B_4B-1,0,0,0,0,0,0,NA,NA
KRN,KRN_5B_5B-1 vs. KRN_4B_4B-1,0,0,0,0,0,0,NA,NA
KRN,KRN_5B_5B-2 vs. KRN_4B_4B-1,0,0,0,0,0,0,NA,NA
KRN,KRN_5B_5B-3 vs. KRN_4B_4B-1,0,0,0,0,0,0,NA,NA
KRN,KRN_5B_5B-5 vs. KRN_4B_4B-1,0,0,0,0,0,0,NA,NA
KRN,KRN_5B_5B-6 vs. KRN_4B_4B-1,0,0,0,0,0,0,NA,NA
KRN,KRN_5B_5B-7 vs. KRN_4B_4B-1,0,0,0,0,0,0,NA,NA
KRN,KRN_5B_5B-8 vs. KRN_4B_4B-1,0,0,0,0,0,0,NA,NA
KRN,KRN_6A_6A-1 vs. KRN_4B_4B-1,0,0,0,0,0,0,NA,NA
KRN,KRN_6A_6A-2 vs. KRN_4B_4B-1,0,0,0,0,0,0,NA,NA
KRN,KRN_6A_6A-4 vs. KRN_4B_4B-1,0,0,0,0,0,0,NA,NA
KRN,KRN_6A_6A-5 vs. KRN_4B_4B-1,0,0,0,0,0,0,NA,NA
KRN,KRN_4B_4B-3 vs. KRN_4B_4B-2,0,0,0,0,0,0,NA,NA
KRN,KRN_5A_5A-1 vs. KRN_4B_4B-2,0,0,0,0,0,0,NA,NA
KRN,KRN_5A_5A-3 vs. KRN_4B_4B-2,0,0,0,0,0,0,NA,NA
KRN,KRN_5A_5A-4 vs. KRN_4B_4B-2,0,0,0,0,0,0,NA,NA
KRN,KRN_5A_5A-6 vs. KRN_4B_4B-2,0,0,0,0,0,0,NA,NA
KRN,KRN_5A_5A-7 vs. KRN_4B_4B-2,0,0,0,0,0,0,NA,NA
KRN,KRN_5B_5B-1 vs. KRN_4B_4B-2,0,0,0,0,0,0,NA,NA
KRN,KRN_5B_5B-2 vs. KRN_4B_4B-2,0,0,0,0,0,0,NA,NA
KRN,KRN_5B_5B-3 vs. KRN_4B_4B-2,0,0,0,0,0,0,NA,NA
KRN,KRN_5B_5B-5 vs. KRN_4B_4B-2,0,0,0,0,0,0,NA,NA
KRN,KRN_5B_5B-6 vs. KRN_4B_4B-2,0,0,0,0,0,0,NA,NA
KRN,KRN_5B_5B-7 vs. KRN_4B_4B-2,0,0,0,0,0,0,NA,NA
KRN,KRN_5B_5B-8 vs. KRN_4B_4B-2,0,0,0,0,0,0,NA,NA
KRN,KRN_6A_6A-1 vs. KRN_4B_4B-2,0,0,0,0,0,0,NA,NA
KRN,KRN_6A_6A-2 vs. KRN_4B_4B-2,0,0,0,0,0,0,NA,NA
KRN,KRN_6A_6A-4 vs. KRN_4B_4B-2,0,0,0,0,0,0,NA,NA
KRN,KRN_6A_6A-5 vs. KRN_4B_4B-2,0,0,0,0,0,0,NA,NA
KRN,KRN_5A_5A-1 vs. KRN_4B_4B-3,0,0,0,0,0,0,NA,NA
KRN,KRN_5A_5A-3 vs. KRN_4B_4B-3,0,0,0,0,0,0,NA,NA
KRN,KRN_5A_5A-4 vs. KRN_4B_4B-3,0,0,0,0,0,0,NA,NA
KRN,KRN_5A_5A-6 vs. KRN_4B_4B-3,0,0,0,0,0,0,NA,NA
KRN,KRN_5A_5A-7 vs. KRN_4B_4B-3,0,0,0,0,0,0,NA,NA
KRN,KRN_5B_5B-1 vs. KRN_4B_4B-3,0,0,0,0,0,0,NA,NA
KRN,KRN_5B_5B-2 vs. KRN_4B_4B-3,0,0,0,0,0,0,NA,NA
KRN,KRN_5B_5B-3 vs. KRN_4B_4B-3,0,0,0,0,0,0,NA,NA
KRN,KRN_5B_5B-5 vs. KRN_4B_4B-3,0,0,0,0,0,0,NA,NA
KRN,KRN_5B_5B-6 vs. KRN_4B_4B-3,0,0,0,0,0,0,NA,NA
KRN,KRN_5B_5B-7 vs. KRN_4B_4B-3,0,0,0,0,0,0,NA,NA
KRN,KRN_5B_5B-8 vs. KRN_4B_4B-3,0,0,0,0,0,0,NA,NA
KRN,KRN_6A_6A-1 vs. KRN_4B_4B-3,0,0,0,0,0,0,NA,NA
KRN,KRN_6A_6A-2 vs. KRN_4B_4B-3,0,0,0,0,0,0,NA,NA
KRN,KRN_6A_6A-4 vs. KRN_4B_4B-3,0,0,0,0,0,0,NA,NA
KRN,KRN_6A_6A-5 vs. KRN_4B_4B-3,0,0,0,0,0,0,NA,NA
KRN,KRN_5A_5A-3 vs. KRN_5A_5A-1,0,0,0,0,0,0,NA,NA
KRN,KRN_5A_5A-4 vs. KRN_5A_5A-1,0,0,0,0,0,0,NA,NA
KRN,KRN_5A_5A-6 vs. KRN_5A_5A-1,0,0,0,0,0,0,NA,NA
KRN,KRN_5A_5A-7 vs. KRN_5A_5A-1,0,0,0,0,0,0,NA,NA
KRN,KRN_5B_5B-1 vs. KRN_5A_5A-1,0,0,0,0,0,0,NA,NA
KRN,KRN_5B_5B-2 vs. KRN_5A_5A-1,0,0,0,0,0,0,NA,NA
KRN,KRN_5B_5B-3 vs. KRN_5A_5A-1,0,0,0,0,0,0,NA,NA
KRN,KRN_5B_5B-5 vs. KRN_5A_5A-1,0,0,0,0,0,0,NA,NA
KRN,KRN_5B_5B-6 vs. KRN_5A_5A-1,0,0,0,0,0,0,NA,NA
KRN,KRN_5B_5B-7 vs. KRN_5A_5A-1,0,0,0,0,0,0,NA,NA
KRN,KRN_5B_5B-8 vs. KRN_5A_5A-1,0,0,0,0,0,0,NA,NA
KRN,KRN_6A_6A-1 vs. KRN_5A_5A-1,0,0,0,0,0,0,NA,NA
KRN,KRN_6A_6A-2 vs. KRN_5A_5A-1,0,0,0,0,0,0,NA,NA
KRN,KRN_6A_6A-4 vs. KRN_5A_5A-1,0,0,0,0,0,0,NA,NA
KRN,KRN_6A_6A-5 vs. KRN_5A_5A-1,0,0,0,0,0,0,NA,NA
KRN,KRN_5A_5A-4 vs. KRN_5A_5A-3,0,0,0,0,0,0,NA,NA
KRN,KRN_5A_5A-6 vs. KRN_5A_5A-3,0,0,0,0,0,0,NA,NA
KRN,KRN_5A_5A-7 vs. KRN_5A_5A-3,0,0,0,0,0,0,NA,NA
KRN,KRN_5B_5B-1 vs. KRN_5A_5A-3,0,0,0,0,0,0,NA,NA
KRN,KRN_5B_5B-2 vs. KRN_5A_5A-3,0,0,0,0,0,0,NA,NA
KRN,KRN_5B_5B-3 vs. KRN_5A_5A-3,0,0,0,0,0,0,NA,NA
KRN,KRN_5B_5B-5 vs. KRN_5A_5A-3,0,0,0,0,0,0,NA,NA
KRN,KRN_5B_5B-6 vs. KRN_5A_5A-3,0,0,0,0,0,0,NA,NA
KRN,KRN_5B_5B-7 vs. KRN_5A_5A-3,0,0,0,0,0,0,NA,NA
KRN,KRN_5B_5B-8 vs. KRN_5A_5A-3,0,0,0,0,0,0,NA,NA
KRN,KRN_6A_6A-1 vs. KRN_5A_5A-3,0,0,0,0,0,0,NA,NA
KRN,KRN_6A_6A-2 vs. KRN_5A_5A-3,0,0,0,0,0,0,NA,NA
KRN,KRN_6A_6A-4 vs. KRN_5A_5A-3,0,0,0,0,0,0,NA,NA
KRN,KRN_6A_6A-5 vs. KRN_5A_5A-3,0,0,0,0,0,0,NA,NA
KRN,KRN_5A_5A-6 vs. KRN_5A_5A-4,0,0,0,0,0,0,NA,NA
KRN,KRN_5A_5A-7 vs. KRN_5A_5A-4,0,0,0,0,0,0,NA,NA
KRN,KRN_5B_5B-1 vs. KRN_5A_5A-4,0,0,0,0,0,0,NA,NA
KRN,KRN_5B_5B-2 vs. KRN_5A_5A-4,0,0,0,0,0,0,NA,NA
KRN,KRN_5B_5B-3 vs. KRN_5A_5A-4,0,0,0,0,0,0,NA,NA
KRN,KRN_5B_5B-5 vs. KRN_5A_5A-4,0,0,0,0,0,0,NA,NA
KRN,KRN_5B_5B-6 vs. KRN_5A_5A-4,0,0,0,0,0,0,NA,NA
KRN,KRN_5B_5B-7 vs. KRN_5A_5A-4,0,0,0,0,0,0,NA,NA
KRN,KRN_5B_5B-8 vs. KRN_5A_5A-4,0,0,0,0,0,0,NA,NA
KRN,KRN_6A_6A-1 vs. KRN_5A_5A-4,0,0,0,0,0,0,NA,NA
KRN,KRN_6A_6A-2 vs. KRN_5A_5A-4,0,0,0,0,0,0,NA,NA
KRN,KRN_6A_6A-4 vs. KRN_5A_5A-4,0,0,0,0,0,0,NA,NA
KRN,KRN_6A_6A-5 vs. KRN_5A_5A-4,0,0,0,0,0,0,NA,NA
KRN,KRN_5A_5A-7 vs. KRN_5A_5A-6,0,0,0,0,0,0,NA,NA
KRN,KRN_5B_5B-1 vs. KRN_5A_5A-6,0,0,0,0,0,0,NA,NA
KRN,KRN_5B_5B-2 vs. KRN_5A_5A-6,0,0,0,0,0,0,NA,NA
KRN,KRN_5B_5B-3 vs. KRN_5A_5A-6,0,0,0,0,0,0,NA,NA
KRN,KRN_5B_5B-5 vs. KRN_5A_5A-6,0,0,0,0,0,0,NA,NA
KRN,KRN_5B_5B-6 vs. KRN_5A_5A-6,0,0,0,0,0,0,NA,NA
KRN,KRN_5B_5B-7 vs. KRN_5A_5A-6,0,0,0,0,0,0,NA,NA
KRN,KRN_5B_5B-8 vs. KRN_5A_5A-6,0,0,0,0,0,0,NA,NA
KRN,KRN_6A_6A-1 vs. KRN_5A_5A-6,0,0,0,0,0,0,NA,NA
KRN,KRN_6A_6A-2 vs. KRN_5A_5A-6,0,0,0,0,0,0,NA,NA
KRN,KRN_6A_6A-4 vs. KRN_5A_5A-6,0,0,0,0,0,0,NA,NA
KRN,KRN_6A_6A-5 vs. KRN_5A_5A-6,0,0,0,0,0,0,NA,NA
KRN,KRN_5B_5B-1 vs. KRN_5A_5A-7,0,0,0,0,0,0,NA,NA
KRN,KRN_5B_5B-2 vs. KRN_5A_5A-7,0,0,0,0,0,0,NA,NA
KRN,KRN_5B_5B-3 vs. KRN_5A_5A-7,0,0,0,0,0,0,NA,NA
KRN,KRN_5B_5B-5 vs. KRN_5A_5A-7,0,0,0,0,0,0,NA,NA
KRN,KRN_5B_5B-6 vs. KRN_5A_5A-7,0,0,0,0,0,0,NA,NA
KRN,KRN_5B_5B-7 vs. KRN_5A_5A-7,0,0,0,0,0,0,NA,NA
KRN,KRN_5B_5B-8 vs. KRN_5A_5A-7,0,0,0,0,0,0,NA,NA
KRN,KRN_6A_6A-1 vs. KRN_5A_5A-7,0,0,0,0,0,0,NA,NA
KRN,KRN_6A_6A-2 vs. KRN_5A_5A-7,0,0,0,0,0,0,NA,NA
KRN,KRN_6A_6A-4 vs. KRN_5A_5A-7,0,0,0,0,0,0,NA,NA
KRN,KRN_6A_6A-5 vs. KRN_5A_5A-7,0,0,0,0,0,0,NA,NA
KRN,KRN_5B_5B-2 vs. KRN_5B_5B-1,0,0,0,0,0,0,NA,NA
KRN,KRN_5B_5B-3 vs. KRN_5B_5B-1,0,0,0,0,0,0,NA,NA
KRN,KRN_5B_5B-5 vs. KRN_5B_5B-1,0,0,0,0,0,0,NA,NA
KRN,KRN_5B_5B-6 vs. KRN_5B_5B-1,0,0,0,0,0,0,NA,NA
KRN,KRN_5B_5B-7 vs. KRN_5B_5B-1,0,0,0,0,0,0,NA,NA
KRN,KRN_5B_5B-8 vs. KRN_5B_5B-1,0,0,0,0,0,0,NA,NA
KRN,KRN_6A_6A-1 vs. KRN_5B_5B-1,0,0,0,0,0,0,NA,NA
KRN,KRN_6A_6A-2 vs. KRN_5B_5B-1,0,0,0,0,0,0,NA,NA
KRN,KRN_6A_6A-4 vs. KRN_5B_5B-1,0,0,0,0,0,0,NA,NA
KRN,KRN_6A_6A-5 vs. KRN_5B_5B-1,0,0,0,0,0,0,NA,NA
KRN,KRN_5B_5B-3 vs. KRN_5B_5B-2,0,0,0,0,0,0,NA,NA
KRN,KRN_5B_5B-5 vs. KRN_5B_5B-2,0,0,0,0,0,0,NA,NA
KRN,KRN_5B_5B-6 vs. KRN_5B_5B-2,0,0,0,0,0,0,NA,NA
KRN,KRN_5B_5B-7 vs. KRN_5B_5B-2,0,0,0,0,0,0,NA,NA
KRN,KRN_5B_5B-8 vs. KRN_5B_5B-2,0,0,0,0,0,0,NA,NA
KRN,KRN_6A_6A-1 vs. KRN_5B_5B-2,0,0,0,0,0,0,NA,NA
KRN,KRN_6A_6A-2 vs. KRN_5B_5B-2,0,0,0,0,0,0,NA,NA
KRN,KRN_6A_6A-4 vs. KRN_5B_5B-2,0,0,0,0,0,0,NA,NA
KRN,KRN_6A_6A-5 vs. KRN_5B_5B-2,0,0,0,0,0,0,NA,NA
KRN,KRN_5B_5B-5 vs. KRN_5B_5B-3,0,0,0,0,0,0,NA,NA
KRN,KRN_5B_5B-6 vs. KRN_5B_5B-3,0,0,0,0,0,0,NA,NA
KRN,KRN_5B_5B-7 vs. KRN_5B_5B-3,0,0,0,0,0,0,NA,NA
KRN,KRN_5B_5B-8 vs. KRN_5B_5B-3,0,0,0,0,0,0,NA,NA
KRN,KRN_6A_6A-1 vs. KRN_5B_5B-3,0,0,0,0,0,0,NA,NA
KRN,KRN_6A_6A-2 vs. KRN_5B_5B-3,0,0,0,0,0,0,NA,NA
KRN,KRN_6A_6A-4 vs. KRN_5B_5B-3,0,0,0,0,0,0,NA,NA
KRN,KRN_6A_6A-5 vs. KRN_5B_5B-3,0,0,0,0,0,0,NA,NA
KRN,KRN_5B_5B-6 vs. KRN_5B_5B-5,0,0,0,0,0,0,NA,NA
KRN,KRN_5B_5B-7 vs. KRN_5B_5B-5,0,0,0,0,0,0,NA,NA
KRN,KRN_5B_5B-8 vs. KRN_5B_5B-5,0,0,0,0,0,0,NA,NA
KRN,KRN_6A_6A-1 vs. KRN_5B_5B-5,0,0,0,0,0,0,NA,NA
KRN,KRN_6A_6A-2 vs. KRN_5B_5B-5,0,0,0,0,0,0,NA,NA
KRN,KRN_6A_6A-4 vs. KRN_5B_5B-5,0,0,0,0,0,0,NA,NA
KRN,KRN_6A_6A-5 vs. KRN_5B_5B-5,0,0,0,0,0,0,NA,NA
KRN,KRN_5B_5B-7 vs. KRN_5B_5B-6,0,0,0,0,0,0,NA,NA
KRN,KRN_5B_5B-8 vs. KRN_5B_5B-6,0,0,0,0,0,0,NA,NA
KRN,KRN_6A_6A-1 vs. KRN_5B_5B-6,0,0,0,0,0,0,NA,NA
KRN,KRN_6A_6A-2 vs. KRN_5B_5B-6,0,0,0,0,0,0,NA,NA
KRN,KRN_6A_6A-4 vs. KRN_5B_5B-6,0,0,0,0,0,0,NA,NA
KRN,KRN_6A_6A-5 vs. KRN_5B_5B-6,0,0,0,0,0,0,NA,NA
KRN,KRN_5B_5B-8 vs. KRN_5B_5B-7,0,0,0,0,0,0,NA,NA
KRN,KRN_6A_6A-1 vs. KRN_5B_5B-7,0,0,0,0,0,0,NA,NA
KRN,KRN_6A_6A-2 vs. KRN_5B_5B-7,0,0,0,0,0,0,NA,NA
KRN,KRN_6A_6A-4 vs. KRN_5B_5B-7,0,0,0,0,0,0,NA,NA
KRN,KRN_6A_6A-5 vs. KRN_5B_5B-7,0,0,0,0,0,0,NA,NA
KRN,KRN_6A_6A-1 vs. KRN_5B_5B-8,0,0,0,0,0,0,NA,NA
KRN,KRN_6A_6A-2 vs. KRN_5B_5B-8,0,0,0,0,0,0,NA,NA
KRN,KRN_6A_6A-4 vs. KRN_5B_5B-8,0,0,0,0,0,0,NA,NA
KRN,KRN_6A_6A-5 vs. KRN_5B_5B-8,0,0,0,0,0,0,NA,NA
KRN,KRN_6A_6A-2 vs. KRN_6A_6A-1,0,0,0,0,0,0,NA,NA
KRN,KRN_6A_6A-4 vs. KRN_6A_6A-1,0,0,0,0,0,0,NA,NA
KRN,KRN_6A_6A-5 vs. KRN_6A_6A-1,0,0,0,0,0,0,NA,NA
KRN,KRN_6A_6A-4 vs. KRN_6A_6A-2,0,0,0,0,0,0,NA,NA
KRN,KRN_6A_6A-5 vs. KRN_6A_6A-2,0,0,0,0,0,0,NA,NA
KRN,KRN_6A_6A-5 vs. KRN_6A_6A-4,0,0,0,0,0,0,NA,NA
MDC,MDC_Flournoy Pond_Flournoy Pond vs. MDC_Duck Ponds_Duck Ponds,0,0,0,0,0,0,NA,NA
MDC,MDC_Gadwall_Gadwall vs. MDC_Duck Ponds_Duck Ponds,0.8693649529834837,0,0.8693649529834837,0.10290239775057196,0,0.32078403599707384,2.7101253660622127,0.003362889
MDC,MDC_Grandma Tract 10_Grandma Tract 10 vs. MDC_Duck Ponds_Duck Ponds,1.1200619827792644,0,1.1200619827792644,0.07636994916627397,0,0.27635113382483883,4.053039216004084,2.5278e-5
MDC,MDC_Grandma Tract 11_Grandma Tract 11 vs. MDC_Duck Ponds_Duck Ponds,0,0,0,0,0,0,NA,NA
MDC,MDC_Grandma Tract 2_Grandma Tract 2 vs. MDC_Duck Ponds_Duck Ponds,3.339659622013175,0,3.339659622013175,0.901907181000836,0,0.9496879387466369,3.5165863287899963,2.18567e-4
MDC,MDC_Grandma Tract 3_Grandma Tract 3 vs. MDC_Duck Ponds_Duck Ponds,10.73787547044696,0,10.73787547044696,1.5712601517715683,0,1.253499163051802,8.56632041484914,0
MDC,MDC_Grandma Tract 4_Grandma Tract 4 vs. MDC_Duck Ponds_Duck Ponds,2.3815060891233424,0,2.3815060891233424,1.3855963405851899,0,1.17711356316423,2.0231744528722895,0.021527582
MDC,MDC_Grandma Tract 7_Grandma Tract 7 vs. MDC_Duck Ponds_Duck Ponds,0,0,0,0,0,0,NA,NA
MDC,MDC_Grandma Tract 8_Grandma Tract 8 vs. MDC_Duck Ponds_Duck Ponds,1.8336158854263203,0,1.8336158854263203,0.22178350260552127,0,0.4709389584707569,3.893531958749977,4.9398e-5
MDC,MDC_Grandma Tract 9_Grandma Tract 9 vs. MDC_Duck Ponds_Duck Ponds,3.8362887099579925,0,3.8362887099579925,1.3091010253026356,0,1.1441595279079904,3.3529316641468325,3.99802e-4
MDC,MDC_House Field_House Field vs. MDC_Duck Ponds_Duck Ponds,0.016919741991518633,0,0.016919741991518633,0.2259091662158154,0,0.4752990282083642,0.03559809927509732,0.485801412
MDC,MDC_J Pond_J Pond vs. MDC_Duck Ponds_Duck Ponds,7.8146648352129295,0,7.8146648352129295,1.1411784283958912,0,1.0682595323215662,7.315324224844425,0
MDC,MDC_Matney 3_Matney 3 vs. MDC_Duck Ponds_Duck Ponds,0,0,0,0,0,0,NA,NA
MDC,MDC_Matney 4 North_Matney 4 North vs. MDC_Duck Ponds_Duck Ponds,2.0615804168806693,0,2.0615804168806693,0.19270533938591478,0,0.4389821629473284,4.69627376893678,1.325e-6
MDC,MDC_Matney 4 South_Matney 4 South vs. MDC_Duck Ponds_Duck Ponds,4.4743833339043615,0,4.4743833339043615,1.1545305114573152,0,1.0744908149711263,4.164189466826291,1.5623e-5
MDC,MDC_Matney 6_Matney 6 vs. MDC_Duck Ponds_Duck Ponds,2.4448629862700058,0,2.4448629862700058,0.42011015024041676,0,0.6481590470250468,3.7720108937637478,8.0969e-5
MDC,MDC_Matney 7_Matney 7 vs. MDC_Duck Ponds_Duck Ponds,0,0,0,0,0,0,NA,NA
MDC,MDC_Matney 8_Matney 8 vs. MDC_Duck Ponds_Duck Ponds,9.62465439953202,0,9.62465439953202,2.6825692684144213,0,1.6378550816279263,5.876377286057391,2e-9
MDC,MDC_South Dam Pond_South Dam Pond vs. MDC_Duck Ponds_Duck Ponds,0,0,0,0,0,0,NA,NA
MDC,MDC_Upper Goose Pond_Upper Goose Pond vs. MDC_Duck Ponds_Duck Ponds,0,0,0,0,0,0,NA,NA
MDC,MDC_Gadwall_Gadwall vs. MDC_Flournoy Pond_Flournoy Pond,0.8693649529834837,0,0.8693649529834837,0.10290239775057196,0,0.32078403599707384,2.7101253660622127,0.003362889
MDC,MDC_Grandma Tract 10_Grandma Tract 10 vs. MDC_Flournoy Pond_Flournoy Pond,1.1200619827792644,0,1.1200619827792644,0.07636994916627397,0,0.27635113382483883,4.053039216004084,2.5278e-5
MDC,MDC_Grandma Tract 11_Grandma Tract 11 vs. MDC_Flournoy Pond_Flournoy Pond,0,0,0,0,0,0,NA,NA
MDC,MDC_Grandma Tract 2_Grandma Tract 2 vs. MDC_Flournoy Pond_Flournoy Pond,3.339659622013175,0,3.339659622013175,0.901907181000836,0,0.9496879387466369,3.5165863287899963,2.18567e-4
MDC,MDC_Grandma Tract 3_Grandma Tract 3 vs. MDC_Flournoy Pond_Flournoy Pond,10.73787547044696,0,10.73787547044696,1.5712601517715683,0,1.253499163051802,8.56632041484914,0
MDC,MDC_Grandma Tract 4_Grandma Tract 4 vs. MDC_Flournoy Pond_Flournoy Pond,2.3815060891233424,0,2.3815060891233424,1.3855963405851899,0,1.17711356316423,2.0231744528722895,0.021527582
MDC,MDC_Grandma Tract 7_Grandma Tract 7 vs. MDC_Flournoy Pond_Flournoy Pond,0,0,0,0,0,0,NA,NA
MDC,MDC_Grandma Tract 8_Grandma Tract 8 vs. MDC_Flournoy Pond_Flournoy Pond,1.8336158854263203,0,1.8336158854263203,0.22178350260552127,0,0.4709389584707569,3.893531958749977,4.9398e-5
MDC,MDC_Grandma Tract 9_Grandma Tract 9 vs. MDC_Flournoy Pond_Flournoy Pond,3.8362887099579925,0,3.8362887099579925,1.3091010253026356,0,1.1441595279079904,3.3529316641468325,3.99802e-4
MDC,MDC_House Field_House Field vs. MDC_Flournoy Pond_Flournoy Pond,0.016919741991518633,0,0.016919741991518633,0.2259091662158154,0,0.4752990282083642,0.03559809927509732,0.485801412
MDC,MDC_J Pond_J Pond vs. MDC_Flournoy Pond_Flournoy Pond,7.8146648352129295,0,7.8146648352129295,1.1411784283958912,0,1.0682595323215662,7.315324224844425,0
MDC,MDC_Matney 3_Matney 3 vs. MDC_Flournoy Pond_Flournoy Pond,0,0,0,0,0,0,NA,NA
MDC,MDC_Matney 4 North_Matney 4 North vs. MDC_Flournoy Pond_Flournoy Pond,2.0615804168806693,0,2.0615804168806693,0.19270533938591478,0,0.4389821629473284,4.69627376893678,1.325e-6
MDC,MDC_Matney 4 South_Matney 4 South vs. MDC_Flournoy Pond_Flournoy Pond,4.4743833339043615,0,4.4743833339043615,1.1545305114573152,0,1.0744908149711263,4.164189466826291,1.5623e-5
MDC,MDC_Matney 6_Matney 6 vs. MDC_Flournoy Pond_Flournoy Pond,2.4448629862700058,0,2.4448629862700058,0.42011015024041676,0,0.6481590470250468,3.7720108937637478,8.0969e-5
MDC,MDC_Matney 7_Matney 7 vs. MDC_Flournoy Pond_Flournoy Pond,0,0,0,0,0,0,NA,NA
MDC,MDC_Matney 8_Matney 8 vs. MDC_Flournoy Pond_Flournoy Pond,9.62465439953202,0,9.62465439953202,2.6825692684144213,0,1.6378550816279263,5.876377286057391,2e-9
MDC,MDC_South Dam Pond_South Dam Pond vs. MDC_Flournoy Pond_Flournoy Pond,0,0,0,0,0,0,NA,NA
MDC,MDC_Upper Goose Pond_Upper Goose Pond vs. MDC_Flournoy Pond_Flournoy Pond,0,0,0,0,0,0,NA,NA
MDC,MDC_Grandma Tract 10_Grandma Tract 10 vs. MDC_Gadwall_Gadwall,1.1200619827792644,0.8693649529834837,0.2506970297957807,0.07636994916627397,0.10290239775057196,0.42340565291082966,0.5920965581642297,0.276892966
MDC,MDC_Grandma Tract 11_Grandma Tract 11 vs. MDC_Gadwall_Gadwall,0,0.8693649529834837,-0.8693649529834837,0,0.10290239775057196,0.32078403599707384,-2.7101253660622127,0.003362889
MDC,MDC_Grandma Tract 2_Grandma Tract 2 vs. MDC_Gadwall_Gadwall,3.339659622013175,0.8693649529834837,2.470294669029691,0.901907181000836,0.10290239775057196,1.0024019048023642,2.4643754737444756,0.006862612
MDC,MDC_Grandma Tract 3_Grandma Tract 3 vs. MDC_Gadwall_Gadwall,10.73787547044696,0.8693649529834837,9.868510517463477,1.5712601517715683,0.10290239775057196,1.2938943347592724,7.626983326501311,0
MDC,MDC_Grandma Tract 4_Grandma Tract 4 vs. MDC_Gadwall_Gadwall,2.3815060891233424,0.8693649529834837,1.5121411361398587,1.3855963405851899,0.10290239775057196,1.220040465859949,1.2394188376973394,0.107595214
MDC,MDC_Grandma Tract 7_Grandma Tract 7 vs. MDC_Gadwall_Gadwall,0,0.8693649529834837,-0.8693649529834837,0,0.10290239775057196,0.32078403599707384,-2.7101253660622127,0.003362889
MDC,MDC_Grandma Tract 8_Grandma Tract 8 vs. MDC_Gadwall_Gadwall,1.8336158854263203,0.8693649529834837,0.9642509324428366,0.22178350260552127,0.10290239775057196,0.569812162344832,1.692225958243592,0.045301449
MDC,MDC_Grandma Tract 9_Grandma Tract 9 vs. MDC_Gadwall_Gadwall,3.8362887099579925,0.8693649529834837,2.966923756974509,1.3091010253026356,0.10290239775057196,1.1882775025444214,2.496827340938062,0.006265498
MDC,MDC_House Field_House Field vs. MDC_Gadwall_Gadwall,0.016919741991518633,0.8693649529834837,-0.8524452109919651,0.2259091662158154,0.10290239775057196,0.5734209308757288,-1.4865959107738016,0.068560784
MDC,MDC_J Pond_J Pond vs. MDC_Gadwall_Gadwall,7.8146648352129295,0.8693649529834837,6.945299882229445,1.1411784283958912,0.10290239775057196,1.115383712516219,6.226825624485218,0
MDC,MDC_Matney 3_Matney 3 vs. MDC_Gadwall_Gadwall,0,0.8693649529834837,-0.8693649529834837,0,0.10290239775057196,0.32078403599707384,-2.7101253660622127,0.003362889
MDC,MDC_Matney 4 North_Matney 4 North vs. MDC_Gadwall_Gadwall,2.0615804168806693,0.8693649529834837,1.1922154638971856,0.19270533938591478,0.10290239775057196,0.5436982040953297,2.1927890416355833,0.014161291
MDC,MDC_Matney 4 South_Matney 4 South vs. MDC_Gadwall_Gadwall,4.4743833339043615,0.8693649529834837,3.605018380920878,1.1545305114573152,0.10290239775057196,1.121353159895618,3.214882259979946,6.5249e-4
MDC,MDC_Matney 6_Matney 6 vs. MDC_Gadwall_Gadwall,2.4448629862700058,0.8693649529834837,1.575498033286522,0.42011015024041676,0.10290239775057196,0.7231960646954523,2.1785213031406436,0.014683624
MDC,MDC_Matney 7_Matney 7 vs. MDC_Gadwall_Gadwall,0,0.8693649529834837,-0.8693649529834837,0,0.10290239775057196,0.32078403599707384,-2.7101253660622127,0.003362889
MDC,MDC_Matney 8_Matney 8 vs. MDC_Gadwall_Gadwall,9.62465439953202,0.8693649529834837,8.755289446548536,2.6825692684144213,0.10290239775057196,1.6689732371026784,5.245913626360861,7.8e-8
MDC,MDC_South Dam Pond_South Dam Pond vs. MDC_Gadwall_Gadwall,0,0.8693649529834837,-0.8693649529834837,0,0.10290239775057196,0.32078403599707384,-2.7101253660622127,0.003362889
MDC,MDC_Upper Goose Pond_Upper Goose Pond vs. MDC_Gadwall_Gadwall,0,0.8693649529834837,-0.8693649529834837,0,0.10290239775057196,0.32078403599707384,-2.7101253660622127,0.003362889
MDC,MDC_Grandma Tract 11_Grandma Tract 11 vs. MDC_Grandma Tract 10_Grandma Tract 10,0,1.1200619827792644,-1.1200619827792644,0,0.07636994916627397,0.27635113382483883,-4.053039216004084,2.5278e-5
MDC,MDC_Grandma Tract 2_Grandma Tract 2 vs. MDC_Grandma Tract 10_Grandma Tract 10,3.339659622013175,1.1200619827792644,2.2195976392339105,0.901907181000836,0.07636994916627397,0.9890789302007752,2.2441056739358,0.012412801
MDC,MDC_Grandma Tract 3_Grandma Tract 3 vs. MDC_Grandma Tract 10_Grandma Tract 10,10.73787547044696,1.1200619827792644,9.617813487667696,1.5712601517715683,0.07636994916627397,1.2836004444288114,7.49284057154368,0
MDC,MDC_Grandma Tract 4_Grandma Tract 4 vs. MDC_Grandma Tract 10_Grandma Tract 10,2.3815060891233424,1.1200619827792644,1.261444106344078,1.3855963405851899,0.07636994916627397,1.2091179800794725,1.043276278350576,0.148410177
MDC,MDC_Grandma Tract 7_Grandma Tract 7 vs. MDC_Grandma Tract 10_Grandma Tract 10,0,1.1200619827792644,-1.1200619827792644,0,0.07636994916627397,0.27635113382483883,-4.053039216004084,2.5278e-5
MDC,MDC_Grandma Tract 8_Grandma Tract 8 vs. MDC_Grandma Tract 10_Grandma Tract 10,1.8336158854263203,1.1200619827792644,0.7135539026470559,0.22178350260552127,0.07636994916627397,0.546034295417234,1.306793197122934,0.095641478
MDC,MDC_Grandma Tract 9_Grandma Tract 9 vs. MDC_Grandma Tract 10_Grandma Tract 10,3.8362887099579925,1.1200619827792644,2.716226727178728,1.3091010253026356,0.07636994916627397,1.1770603104637032,2.307635983502553,0.010509696
MDC,MDC_House Field_House Field vs. MDC_Grandma Tract 10_Grandma Tract 10,0.016919741991518633,1.1200619827792644,-1.1031422407877458,0.2259091662158154,0.07636994916627397,0.5497991591318501,-2.0064458492982085,0.02240435
MDC,MDC_J Pond_J Pond vs. MDC_Grandma Tract 10_Grandma Tract 10,7.8146648352129295,1.1200619827792644,6.694602852433665,1.1411784283958912,0.07636994916627397,1.1034257462838926,6.067107709766324,1e-9
MDC,MDC_Matney 3_Matney 3 vs. MDC_Grandma Tract 10_Grandma Tract 10,0,1.1200619827792644,-1.1200619827792644,0,0.07636994916627397,0.27635113382483883,-4.053039216004084,2.5278e-5
MDC,MDC_Matney 4 North_Matney 4 North vs. MDC_Grandma Tract 10_Grandma Tract 10,2.0615804168806693,1.1200619827792644,0.9415184341014049,0.19270533938591478,0.07636994916627397,0.5187246750947836,1.8150639044293904,0.034757045
MDC,MDC_Matney 4 South_Matney 4 South vs. MDC_Grandma Tract 10_Grandma Tract 10,4.4743833339043615,1.1200619827792644,3.354321351125097,1.1545305114573152,0.07636994916627397,1.1094595353700778,3.023383227767933,0.001249827
MDC,MDC_Matney 6_Matney 6 vs. MDC_Grandma Tract 10_Grandma Tract 10,2.4448629862700058,1.1200619827792644,1.3248010034907414,0.42011015024041676,0.07636994916627397,0.7046134397005855,1.8801812864280518,0.030041688
MDC,MDC_Matney 7_Matney 7 vs. MDC_Grandma Tract 10_Grandma Tract 10,0,1.1200619827792644,-1.1200619827792644,0,0.07636994916627397,0.27635113382483883,-4.053039216004084,2.5278e-5
MDC,MDC_Matney 8_Matney 8 vs. MDC_Grandma Tract 10_Grandma Tract 10,9.62465439953202,1.1200619827792644,8.504592416752756,2.6825692684144213,0.07636994916627397,1.6610054839104822,5.120147103145326,1.53e-7
MDC,MDC_South Dam Pond_South Dam Pond vs. MDC_Grandma Tract 10_Grandma Tract 10,0,1.1200619827792644,-1.1200619827792644,0,0.07636994916627397,0.27635113382483883,-4.053039216004084,2.5278e-5
MDC,MDC_Upper Goose Pond_Upper Goose Pond vs. MDC_Grandma Tract 10_Grandma Tract 10,0,1.1200619827792644,-1.1200619827792644,0,0.07636994916627397,0.27635113382483883,-4.053039216004084,2.5278e-5
MDC,MDC_Grandma Tract 2_Grandma Tract 2 vs. MDC_Grandma Tract 11_Grandma Tract 11,3.339659622013175,0,3.339659622013175,0.901907181000836,0,0.9496879387466369,3.5165863287899963,2.18567e-4
MDC,MDC_Grandma Tract 3_Grandma Tract 3 vs. MDC_Grandma Tract 11_Grandma Tract 11,10.73787547044696,0,10.73787547044696,1.5712601517715683,0,1.253499163051802,8.56632041484914,0
MDC,MDC_Grandma Tract 4_Grandma Tract 4 vs. MDC_Grandma Tract 11_Grandma Tract 11,2.3815060891233424,0,2.3815060891233424,1.3855963405851899,0,1.17711356316423,2.0231744528722895,0.021527582
MDC,MDC_Grandma Tract 7_Grandma Tract 7 vs. MDC_Grandma Tract 11_Grandma Tract 11,0,0,0,0,0,0,NA,NA
MDC,MDC_Grandma Tract 8_Grandma Tract 8 vs. MDC_Grandma Tract 11_Grandma Tract 11,1.8336158854263203,0,1.8336158854263203,0.22178350260552127,0,0.4709389584707569,3.893531958749977,4.9398e-5
MDC,MDC_Grandma Tract 9_Grandma Tract 9 vs. MDC_Grandma Tract 11_Grandma Tract 11,3.8362887099579925,0,3.8362887099579925,1.3091010253026356,0,1.1441595279079904,3.3529316641468325,3.99802e-4
MDC,MDC_House Field_House Field vs. MDC_Grandma Tract 11_Grandma Tract 11,0.016919741991518633,0,0.016919741991518633,0.2259091662158154,0,0.4752990282083642,0.03559809927509732,0.485801412
MDC,MDC_J Pond_J Pond vs. MDC_Grandma Tract 11_Grandma Tract 11,7.8146648352129295,0,7.8146648352129295,1.1411784283958912,0,1.0682595323215662,7.315324224844425,0
MDC,MDC_Matney 3_Matney 3 vs. MDC_Grandma Tract 11_Grandma Tract 11,0,0,0,0,0,0,NA,NA
MDC,MDC_Matney 4 North_Matney 4 North vs. MDC_Grandma Tract 11_Grandma Tract 11,2.0615804168806693,0,2.0615804168806693,0.19270533938591478,0,0.4389821629473284,4.69627376893678,1.325e-6
MDC,MDC_Matney 4 South_Matney 4 South vs. MDC_Grandma Tract 11_Grandma Tract 11,4.4743833339043615,0,4.4743833339043615,1.1545305114573152,0,1.0744908149711263,4.164189466826291,1.5623e-5
MDC,MDC_Matney 6_Matney 6 vs. MDC_Grandma Tract 11_Grandma Tract 11,2.4448629862700058,0,2.4448629862700058,0.42011015024041676,0,0.6481590470250468,3.7720108937637478,8.0969e-5
MDC,MDC_Matney 7_Matney 7 vs. MDC_Grandma Tract 11_Grandma Tract 11,0,0,0,0,0,0,NA,NA
MDC,MDC_Matney 8_Matney 8 vs. MDC_Grandma Tract 11_Grandma Tract 11,9.62465439953202,0,9.62465439953202,2.6825692684144213,0,1.6378550816279263,5.876377286057391,2e-9
MDC,MDC_South Dam Pond_South Dam Pond vs. MDC_Grandma Tract 11_Grandma Tract 11,0,0,0,0,0,0,NA,NA
MDC,MDC_Upper Goose Pond_Upper Goose Pond vs. MDC_Grandma Tract 11_Grandma Tract 11,0,0,0,0,0,0,NA,NA
MDC,MDC_Grandma Tract 3_Grandma Tract 3 vs. MDC_Grandma Tract 2_Grandma Tract 2,10.73787547044696,3.339659622013175,7.398215848433786,1.5712601517715683,0.901907181000836,1.5726307045115215,4.704356736269983,1.273e-6
MDC,MDC_Grandma Tract 4_Grandma Tract 4 vs. MDC_Grandma Tract 2_Grandma Tract 2,2.3815060891233424,3.339659622013175,-0.9581535328898325,1.3855963405851899,0.901907181000836,1.5124495104253979,-0.6335110866744492,0.263199972
MDC,MDC_Grandma Tract 7_Grandma Tract 7 vs. MDC_Grandma Tract 2_Grandma Tract 2,0,3.339659622013175,-3.339659622013175,0,0.901907181000836,0.9496879387466369,-3.5165863287899963,2.18567e-4
MDC,MDC_Grandma Tract 8_Grandma Tract 8 vs. MDC_Grandma Tract 2_Grandma Tract 2,1.8336158854263203,3.339659622013175,-1.5060437365868546,0.22178350260552127,0.901907181000836,1.0600427744229746,-1.4207386465198604,0.077696376
MDC,MDC_Grandma Tract 9_Grandma Tract 9 vs. MDC_Grandma Tract 2_Grandma Tract 2,3.8362887099579925,3.339659622013175,0.49662908794481764,1.3091010253026356,0.901907181000836,1.486945932542092,0.3339927007942901,0.369192533
MDC,MDC_House Field_House Field vs. MDC_Grandma Tract 2_Grandma Tract 2,0.016919741991518633,3.339659622013175,-3.3227398800216563,0.2259091662158154,0.901907181000836,1.061986980718997,-3.1287953057315843,8.77623e-4
MDC,MDC_J Pond_J Pond vs. MDC_Grandma Tract 2_Grandma Tract 2,7.8146648352129295,3.339659622013175,4.475005213199754,1.1411784283958912,0.901907181000836,1.4293654569062202,3.1307635087849732,8.71763e-4
MDC,MDC_Matney 3_Matney 3 vs. MDC_Grandma Tract 2_Grandma Tract 2,0,3.339659622013175,-3.339659622013175,0,0.901907181000836,0.9496879387466369,-3.5165863287899963,2.18567e-4
MDC,MDC_Matney 4 North_Matney 4 North vs. MDC_Grandma Tract 2_Grandma Tract 2,2.0615804168806693,3.339659622013175,-1.2780792051325056,0.19270533938591478,0.901907181000836,1.0462373155201217,-1.2215958905051356,0.110930242
MDC,MDC_Matney 4 South_Matney 4 South vs. MDC_Grandma Tract 2_Grandma Tract 2,4.4743833339043615,3.339659622013175,1.1347237118911866,1.1545305114573152,0.901907181000836,1.4340284838378041,0.7912839421811161,0.214389158
MDC,MDC_Matney 6_Matney 6 vs. MDC_Grandma Tract 2_Grandma Tract 2,2.4448629862700058,3.339659622013175,-0.8947966357431691,0.42011015024041676,0.901907181000836,1.1497901248668179,-0.7782260574266238,0.218217879
MDC,MDC_Matney 7_Matney 7 vs. MDC_Grandma Tract 2_Grandma Tract 2,0,3.339659622013175,-3.339659622013175,0,0.901907181000836,0.9496879387466369,-3.5165863287899963,2.18567e-4
MDC,MDC_Matney 8_Matney 8 vs. MDC_Grandma Tract 2_Grandma Tract 2,9.62465439953202,3.339659622013175,6.284994777518845,2.6825692684144213,0.901907181000836,1.8932713618008532,3.3196481520433743,4.50655e-4
MDC,MDC_South Dam Pond_South Dam Pond vs. MDC_Grandma Tract 2_Grandma Tract 2,0,3.339659622013175,-3.339659622013175,0,0.901907181000836,0.9496879387466369,-3.5165863287899963,2.18567e-4
MDC,MDC_Upper Goose Pond_Upper Goose Pond vs. MDC_Grandma Tract 2_Grandma Tract 2,0,3.339659622013175,-3.339659622013175,0,0.901907181000836,0.9496879387466369,-3.5165863287899963,2.18567e-4
MDC,MDC_Grandma Tract 4_Grandma Tract 4 vs. MDC_Grandma Tract 3_Grandma Tract 3,2.3815060891233424,10.73787547044696,-8.356369381323617,1.3855963405851899,1.5712601517715683,1.7195512473772796,-4.859622179954827,5.88e-7
MDC,MDC_Grandma Tract 7_Grandma Tract 7 vs. MDC_Grandma Tract 3_Grandma Tract 3,0,10.73787547044696,-10.73787547044696,0,1.5712601517715683,1.253499163051802,-8.56632041484914,0
MDC,MDC_Grandma Tract 8_Grandma Tract 8 vs. MDC_Grandma Tract 3_Grandma Tract 3,1.8336158854263203,10.73787547044696,-8.90425958502064,0.22178350260552127,1.5712601517715683,1.3390457999549865,-6.64970502526498,0
MDC,MDC_Grandma Tract 9_Grandma Tract 9 vs. MDC_Grandma Tract 3_Grandma Tract 3,3.8362887099579925,10.73787547044696,-6.901586760488968,1.3091010253026356,1.5712601517715683,1.697162684327641,-4.06654401738932,2.3858e-5
MDC,MDC_House Field_House Field vs. MDC_Grandma Tract 3_Grandma Tract 3,0.016919741991518633,10.73787547044696,-10.720955728455442,0.2259091662158154,1.5712601517715683,1.3405854385257896,-7.997219289689604,0
MDC,MDC_J Pond_J Pond vs. MDC_Grandma Tract 3_Grandma Tract 3,7.8146648352129295,10.73787547044696,-2.923210635234031,1.1411784283958912,1.5712601517715683,1.646948262747637,-1.77492560109762,0.037955086
MDC,MDC_Matney 3_Matney 3 vs. MDC_Grandma Tract 3_Grandma Tract 3,0,10.73787547044696,-10.73787547044696,0,1.5712601517715683,1.253499163051802,-8.56632041484914,0
MDC,MDC_Matney 4 North_Matney 4 North vs. MDC_Grandma Tract 3_Grandma Tract 3,2.0615804168806693,10.73787547044696,-8.67629505356629,0.19270533938591478,1.5712601517715683,1.3281436259522097,-6.532648189570492,0
MDC,MDC_Matney 4 South_Matney 4 South vs. MDC_Grandma Tract 3_Grandma Tract 3,4.4743833339043615,10.73787547044696,-6.263492136542599,1.1545305114573152,1.5712601517715683,1.6509968695393953,-3.793763787262676,7.419e-5
MDC,MDC_Matney 6_Matney 6 vs. MDC_Grandma Tract 3_Grandma Tract 3,2.4448629862700058,10.73787547044696,-8.293012484176955,0.42011015024041676,1.5712601517715683,1.4111592050551862,-5.876737688043243,2e-9
MDC,MDC_Matney 7_Matney 7 vs. MDC_Grandma Tract 3_Grandma Tract 3,0,10.73787547044696,-10.73787547044696,0,1.5712601517715683,1.253499163051802,-8.56632041484914,0
MDC,MDC_Matney 8_Matney 8 vs. MDC_Grandma Tract 3_Grandma Tract 3,9.62465439953202,10.73787547044696,-1.1132210709149408,2.6825692684144213,1.5712601517715683,2.0624813745064436,-0.5397484237555052,0.29468527
MDC,MDC_South Dam Pond_South Dam Pond vs. MDC_Grandma Tract 3_Grandma Tract 3,0,10.73787547044696,-10.73787547044696,0,1.5712601517715683,1.253499163051802,-8.56632041484914,0
MDC,MDC_Upper Goose Pond_Upper Goose Pond vs. MDC_Grandma Tract 3_Grandma Tract 3,0,10.73787547044696,-10.73787547044696,0,1.5712601517715683,1.253499163051802,-8.56632041484914,0
MDC,MDC_Grandma Tract 7_Grandma Tract 7 vs. MDC_Grandma Tract 4_Grandma Tract 4,0,2.3815060891233424,-2.3815060891233424,0,1.3855963405851899,1.17711356316423,-2.0231744528722895,0.021527582
MDC,MDC_Grandma Tract 8_Grandma Tract 8 vs. MDC_Grandma Tract 4_Grandma Tract 4,1.8336158854263203,2.3815060891233424,-0.5478902036970221,0.22178350260552127,1.3855963405851899,1.26782484720513,-0.4321497602013595,0.332816285
MDC,MDC_Grandma Tract 9_Grandma Tract 9 vs. MDC_Grandma Tract 4_Grandma Tract 4,3.8362887099579925,2.3815060891233424,1.4547826208346502,1.3091010253026356,1.3855963405851899,1.641553339336808,0.8862231801876059,0.187748638
MDC,MDC_House Field_House Field vs. MDC_Grandma Tract 4_Grandma Tract 4,0.016919741991518633,2.3815060891233424,-2.364586347131824,0.2259091662158154,1.3855963405851899,1.2694508682107415,-1.8626844144544543,0.03125334
MDC,MDC_J Pond_J Pond vs. MDC_Grandma Tract 4_Grandma Tract 4,7.8146648352129295,2.3815060891233424,5.433158746089587,1.1411784283958912,1.3855963405851899,1.5895832060578272,3.4179769422475483,3.15442e-4
MDC,MDC_Matney 3_Matney 3 vs. MDC_Grandma Tract 4_Grandma Tract 4,0,2.3815060891233424,-2.3815060891233424,0,1.3855963405851899,1.17711356316423,-2.0231744528722895,0.021527582
MDC,MDC_Matney 4 North_Matney 4 North vs. MDC_Grandma Tract 4_Grandma Tract 4,2.0615804168806693,2.3815060891233424,-0.3199256722426731,0.19270533938591478,1.3855963405851899,1.256304771928812,-0.25465609889508684,0.399494363
MDC,MDC_Matney 4 South_Matney 4 South vs. MDC_Grandma Tract 4_Grandma Tract 4,4.4743833339043615,2.3815060891233424,2.092877244781019,1.1545305114573152,1.3855963405851899,1.5937775415792836,1.3131551864554287,0.094565331
MDC,MDC_Matney 6_Matney 6 vs. MDC_Grandma Tract 4_Grandma Tract 4,2.4448629862700058,2.3815060891233424,0.06335689714666337,0.42011015024041676,1.3855963405851899,1.3437657871912079,0.04714876487449085,0.481197331
MDC,MDC_Matney 7_Matney 7 vs. MDC_Grandma Tract 4_Grandma Tract 4,0,2.3815060891233424,-2.3815060891233424,0,1.3855963405851899,1.17711356316423,-2.0231744528722895,0.021527582
MDC,MDC_Matney 8_Matney 8 vs. MDC_Grandma Tract 4_Grandma Tract 4,9.62465439953202,2.3815060891233424,7.243148310408677,2.6825692684144213,1.3855963405851899,2.0169694120138786,3.5911046876891546,1.6464e-4
MDC,MDC_South Dam Pond_South Dam Pond vs. MDC_Grandma Tract 4_Grandma Tract 4,0,2.3815060891233424,-2.3815060891233424,0,1.3855963405851899,1.17711356316423,-2.0231744528722895,0.021527582
MDC,MDC_Upper Goose Pond_Upper Goose Pond vs. MDC_Grandma Tract 4_Grandma Tract 4,0,2.3815060891233424,-2.3815060891233424,0,1.3855963405851899,1.17711356316423,-2.0231744528722895,0.021527582
MDC,MDC_Grandma Tract 8_Grandma Tract 8 vs. MDC_Grandma Tract 7_Grandma Tract 7,1.8336158854263203,0,1.8336158854263203,0.22178350260552127,0,0.4709389584707569,3.893531958749977,4.9398e-5
MDC,MDC_Grandma Tract 9_Grandma Tract 9 vs. MDC_Grandma Tract 7_Grandma Tract 7,3.8362887099579925,0,3.8362887099579925,1.3091010253026356,0,1.1441595279079904,3.3529316641468325,3.99802e-4
MDC,MDC_House Field_House Field vs. MDC_Grandma Tract 7_Grandma Tract 7,0.016919741991518633,0,0.016919741991518633,0.2259091662158154,0,0.4752990282083642,0.03559809927509732,0.485801412
MDC,MDC_J Pond_J Pond vs. MDC_Grandma Tract 7_Grandma Tract 7,7.8146648352129295,0,7.8146648352129295,1.1411784283958912,0,1.0682595323215662,7.315324224844425,0
MDC,MDC_Matney 3_Matney 3 vs. MDC_Grandma Tract 7_Grandma Tract 7,0,0,0,0,0,0,NA,NA
MDC,MDC_Matney 4 North_Matney 4 North vs. MDC_Grandma Tract 7_Grandma Tract 7,2.0615804168806693,0,2.0615804168806693,0.19270533938591478,0,0.4389821629473284,4.69627376893678,1.325e-6
MDC,MDC_Matney 4 South_Matney 4 South vs. MDC_Grandma Tract 7_Grandma Tract 7,4.4743833339043615,0,4.4743833339043615,1.1545305114573152,0,1.0744908149711263,4.164189466826291,1.5623e-5
MDC,MDC_Matney 6_Matney 6 vs. MDC_Grandma Tract 7_Grandma Tract 7,2.4448629862700058,0,2.4448629862700058,0.42011015024041676,0,0.6481590470250468,3.7720108937637478,8.0969e-5
MDC,MDC_Matney 7_Matney 7 vs. MDC_Grandma Tract 7_Grandma Tract 7,0,0,0,0,0,0,NA,NA
MDC,MDC_Matney 8_Matney 8 vs. MDC_Grandma Tract 7_Grandma Tract 7,9.62465439953202,0,9.62465439953202,2.6825692684144213,0,1.6378550816279263,5.876377286057391,2e-9
MDC,MDC_South Dam Pond_South Dam Pond vs. MDC_Grandma Tract 7_Grandma Tract 7,0,0,0,0,0,0,NA,NA
MDC,MDC_Upper Goose Pond_Upper Goose Pond vs. MDC_Grandma Tract 7_Grandma Tract 7,0,0,0,0,0,0,NA,NA
MDC,MDC_Grandma Tract 9_Grandma Tract 9 vs. MDC_Grandma Tract 8_Grandma Tract 8,3.8362887099579925,1.8336158854263203,2.0026728245316723,1.3091010253026356,0.22178350260552127,1.2372891852385024,1.618597211084192,0.052766978
MDC,MDC_House Field_House Field vs. MDC_Grandma Tract 8_Grandma Tract 8,0.016919741991518633,1.8336158854263203,-1.8166961434348017,0.2259091662158154,0.22178350260552127,0.6690983999542494,-2.7151404689639387,0.003312383
MDC,MDC_J Pond_J Pond vs. MDC_Grandma Tract 8_Grandma Tract 8,7.8146648352129295,1.8336158854263203,5.98104894978661,1.1411784283958912,0.22178350260552127,1.167459605725788,5.12313138754664,1.5e-7
MDC,MDC_Matney 3_Matney 3 vs. MDC_Grandma Tract 8_Grandma Tract 8,0,1.8336158854263203,-1.8336158854263203,0,0.22178350260552127,0.4709389584707569,-3.893531958749977,4.9398e-5
MDC,MDC_Matney 4 North_Matney 4 North vs. MDC_Grandma Tract 8_Grandma Tract 8,2.0615804168806693,1.8336158854263203,0.22796453145434903,0.19270533938591478,0.22178350260552127,0.6438080785385005,0.35408771504055686,0.361636574
MDC,MDC_Matney 4 South_Matney 4 South vs. MDC_Grandma Tract 8_Grandma Tract 8,4.4743833339043615,1.8336158854263203,2.6407674484780412,1.1545305114573152,0.22178350260552127,1.1731641036371836,2.2509787337430613,0.012193442
MDC,MDC_Matney 6_Matney 6 vs. MDC_Grandma Tract 8_Grandma Tract 8,2.4448629862700058,1.8336158854263203,0.6112471008436855,0.42011015024041676,0.22178350260552127,0.8011826588524854,0.7629310171530173,0.222752268
MDC,MDC_Matney 7_Matney 7 vs. MDC_Grandma Tract 8_Grandma Tract 8,0,1.8336158854263203,-1.8336158854263203,0,0.22178350260552127,0.4709389584707569,-3.893531958749977,4.9398e-5
MDC,MDC_Matney 8_Matney 8 vs. MDC_Grandma Tract 8_Grandma Tract 8,9.62465439953202,1.8336158854263203,7.791038514105699,2.6825692684144213,0.22178350260552127,1.7042161749672318,4.571625729497318,2.42e-6
MDC,MDC_South Dam Pond_South Dam Pond vs. MDC_Grandma Tract 8_Grandma Tract 8,0,1.8336158854263203,-1.8336158854263203,0,0.22178350260552127,0.4709389584707569,-3.893531958749977,4.9398e-5
MDC,MDC_Upper Goose Pond_Upper Goose Pond vs. MDC_Grandma Tract 8_Grandma Tract 8,0,1.8336158854263203,-1.8336158854263203,0,0.22178350260552127,0.4709389584707569,-3.893531958749977,4.9398e-5
MDC,MDC_House Field_House Field vs. MDC_Grandma Tract 9_Grandma Tract 9,0.016919741991518633,3.8362887099579925,-3.819368967966474,0.2259091662158154,1.3091010253026356,1.2389552822916778,-3.0827335114967522,0.001025544
MDC,MDC_J Pond_J Pond vs. MDC_Grandma Tract 9_Grandma Tract 9,7.8146648352129295,3.8362887099579925,3.978376125254937,1.1411784283958912,1.3091010253026356,1.5653368499139497,2.541546329452116,0.005518166
MDC,MDC_Matney 3_Matney 3 vs. MDC_Grandma Tract 9_Grandma Tract 9,0,3.8362887099579925,-3.8362887099579925,0,1.3091010253026356,1.1441595279079904,-3.3529316641468325,3.99802e-4
MDC,MDC_Matney 4 North_Matney 4 North vs. MDC_Grandma Tract 9_Grandma Tract 9,2.0615804168806693,3.8362887099579925,-1.7747082930773233,0.19270533938591478,1.3091010253026356,1.225482094805367,-1.4481715404901,0.073784541
MDC,MDC_Matney 4 South_Matney 4 South vs. MDC_Grandma Tract 9_Grandma Tract 9,4.4743833339043615,3.8362887099579925,0.638094623946369,1.1545305114573152,1.3091010253026356,1.5695959788302054,0.40653431364033604,0.342175025
MDC,MDC_Matney 6_Matney 6 vs. MDC_Grandma Tract 9_Grandma Tract 9,2.4448629862700058,3.8362887099579925,-1.3914257236879868,0.42011015024041676,1.3091010253026356,1.3149947435419855,-1.0581226506960262,0.144999765
MDC,MDC_Matney 7_Matney 7 vs. MDC_Grandma Tract 9_Grandma Tract 9,0,3.8362887099579925,-3.8362887099579925,0,1.3091010253026356,1.1441595279079904,-3.3529316641468325,3.99802e-4
MDC,MDC_Matney 8_Matney 8 vs. MDC_Grandma Tract 9_Grandma Tract 9,9.62465439953202,3.8362887099579925,5.788365689574027,2.6825692684144213,1.3091010253026356,1.9979164881738818,2.8972010210820467,0.001882542
MDC,MDC_South Dam Pond_South Dam Pond vs. MDC_Grandma Tract 9_Grandma Tract 9,0,3.8362887099579925,-3.8362887099579925,0,1.3091010253026356,1.1441595279079904,-3.3529316641468325,3.99802e-4
MDC,MDC_Upper Goose Pond_Upper Goose Pond vs. MDC_Grandma Tract 9_Grandma Tract 9,0,3.8362887099579925,-3.8362887099579925,0,1.3091010253026356,1.1441595279079904,-3.3529316641468325,3.99802e-4
MDC,MDC_J Pond_J Pond vs. MDC_House Field_House Field,7.8146648352129295,0.016919741991518633,7.797745093221411,1.1411784283958912,0.2259091662158154,1.1692252112453385,6.669155794986711,0
MDC,MDC_Matney 3_Matney 3 vs. MDC_House Field_House Field,0,0.016919741991518633,-0.016919741991518633,0,0.2259091662158154,0.4752990282083642,-0.03559809927509732,0.485801412
MDC,MDC_Matney 4 North_Matney 4 North vs. MDC_House Field_House Field,2.0615804168806693,0.016919741991518633,2.0446606748891507,0.19270533938591478,0.2259091662158154,0.6470042547014124,3.160196644816109,7.88313e-4
MDC,MDC_Matney 4 South_Matney 4 South vs. MDC_House Field_House Field,4.4743833339043615,0.016919741991518633,4.457463591912843,1.1545305114573152,0.2259091662158154,1.174921136788819,3.793840669251684,7.4167e-5
MDC,MDC_Matney 6_Matney 6 vs. MDC_House Field_House Field,2.4448629862700058,0.016919741991518633,2.427943244278487,0.42011015024041676,0.2259091662158154,0.8037532683953653,3.020756916019388,0.001260718
MDC,MDC_Matney 7_Matney 7 vs. MDC_House Field_House Field,0,0.016919741991518633,-0.016919741991518633,0,0.2259091662158154,0.4752990282083642,-0.03559809927509732,0.485801412
MDC,MDC_Matney 8_Matney 8 vs. MDC_House Field_House Field,9.62465439953202,0.016919741991518633,9.607734657540501,2.6825692684144213,0.2259091662158154,1.705426173902065,5.633626834492473,9e-9
MDC,MDC_South Dam Pond_South Dam Pond vs. MDC_House Field_House Field,0,0.016919741991518633,-0.016919741991518633,0,0.2259091662158154,0.4752990282083642,-0.03559809927509732,0.485801412
MDC,MDC_Upper Goose Pond_Upper Goose Pond vs. MDC_House Field_House Field,0,0.016919741991518633,-0.016919741991518633,0,0.2259091662158154,0.4752990282083642,-0.03559809927509732,0.485801412
MDC,MDC_Matney 3_Matney 3 vs. MDC_J Pond_J Pond,0,7.8146648352129295,-7.8146648352129295,0,1.1411784283958912,1.0682595323215662,-7.315324224844425,0
MDC,MDC_Matney 4 North_Matney 4 North vs. MDC_J Pond_J Pond,2.0615804168806693,7.8146648352129295,-5.753084418332261,0.19270533938591478,1.1411784283958912,1.154938858893321,-4.98128916005558,3.16e-7
MDC,MDC_Matney 4 South_Matney 4 South vs. MDC_J Pond_J Pond,4.4743833339043615,7.8146648352129295,-3.340281501308568,1.1545305114573152,1.1411784283958912,1.5151597077051666,-2.2045738705444444,0.013742006
MDC,MDC_Matney 6_Matney 6 vs. MDC_J Pond_J Pond,2.4448629862700058,7.8146648352129295,-5.369801848942924,0.42011015024041676,1.1411784283958912,1.2495153374954258,-4.297507751850691,8.636e-6
MDC,MDC_Matney 7_Matney 7 vs. MDC_J Pond_J Pond,0,7.8146648352129295,-7.8146648352129295,0,1.1411784283958912,1.0682595323215662,-7.315324224844425,0
MDC,MDC_Matney 8_Matney 8 vs. MDC_J Pond_J Pond,9.62465439953202,7.8146648352129295,1.80998956431909,2.6825692684144213,1.1411784283958912,1.955440537784341,0.9256172864095077,0.177322453
MDC,MDC_South Dam Pond_South Dam Pond vs. MDC_J Pond_J Pond,0,7.8146648352129295,-7.8146648352129295,0,1.1411784283958912,1.0682595323215662,-7.315324224844425,0
MDC,MDC_Upper Goose Pond_Upper Goose Pond vs. MDC_J Pond_J Pond,0,7.8146648352129295,-7.8146648352129295,0,1.1411784283958912,1.0682595323215662,-7.315324224844425,0
MDC,MDC_Matney 4 North_Matney 4 North vs. MDC_Matney 3_Matney 3,2.0615804168806693,0,2.0615804168806693,0.19270533938591478,0,0.4389821629473284,4.69627376893678,1.325e-6
MDC,MDC_Matney 4 South_Matney 4 South vs. MDC_Matney 3_Matney 3,4.4743833339043615,0,4.4743833339043615,1.1545305114573152,0,1.0744908149711263,4.164189466826291,1.5623e-5
MDC,MDC_Matney 6_Matney 6 vs. MDC_Matney 3_Matney 3,2.4448629862700058,0,2.4448629862700058,0.42011015024041676,0,0.6481590470250468,3.7720108937637478,8.0969e-5
MDC,MDC_Matney 7_Matney 7 vs. MDC_Matney 3_Matney 3,0,0,0,0,0,0,NA,NA
MDC,MDC_Matney 8_Matney 8 vs. MDC_Matney 3_Matney 3,9.62465439953202,0,9.62465439953202,2.6825692684144213,0,1.6378550816279263,5.876377286057391,2e-9
MDC,MDC_South Dam Pond_South Dam Pond vs. MDC_Matney 3_Matney 3,0,0,0,0,0,0,NA,NA
MDC,MDC_Upper Goose Pond_Upper Goose Pond vs. MDC_Matney 3_Matney 3,0,0,0,0,0,0,NA,NA
MDC,MDC_Matney 4 South_Matney 4 South vs. MDC_Matney 4 North_Matney 4 North,4.4743833339043615,2.0615804168806693,2.412802917023692,1.1545305114573152,0.19270533938591478,1.1607048939516151,2.078739332966293,0.018820658
MDC,MDC_Matney 6_Matney 6 vs. MDC_Matney 4 North_Matney 4 North,2.4448629862700058,2.0615804168806693,0.38328256938933647,0.42011015024041676,0.19270533938591478,0.7828253251053722,0.48961442239716085,0.312203384
MDC,MDC_Matney 7_Matney 7 vs. MDC_Matney 4 North_Matney 4 North,0,2.0615804168806693,-2.0615804168806693,0,0.19270533938591478,0.4389821629473284,-4.69627376893678,1.325e-6
MDC,MDC_Matney 8_Matney 8 vs. MDC_Matney 4 North_Matney 4 North,9.62465439953202,2.0615804168806693,7.56307398265135,2.6825692684144213,0.19270533938591478,1.6956634712702683,4.460244683448681,4.093e-6
MDC,MDC_South Dam Pond_South Dam Pond vs. MDC_Matney 4 North_Matney 4 North,0,2.0615804168806693,-2.0615804168806693,0,0.19270533938591478,0.4389821629473284,-4.69627376893678,1.325e-6
MDC,MDC_Upper Goose Pond_Upper Goose Pond vs. MDC_Matney 4 North_Matney 4 North,0,2.0615804168806693,-2.0615804168806693,0,0.19270533938591478,0.4389821629473284,-4.69627376893678,1.325e-6
MDC,MDC_Matney 6_Matney 6 vs. MDC_Matney 4 South_Matney 4 South,2.4448629862700058,4.4743833339043615,-2.0295203476343557,0.42011015024041676,1.1545305114573152,1.254846867827996,-1.6173450320254896,0.052901912
MDC,MDC_Matney 7_Matney 7 vs. MDC_Matney 4 South_Matney 4 South,0,4.4743833339043615,-4.4743833339043615,0,1.1545305114573152,1.0744908149711263,-4.164189466826291,1.5623e-5
MDC,MDC_Matney 8_Matney 8 vs. MDC_Matney 4 South_Matney 4 South,9.62465439953202,4.4743833339043615,5.150271065627658,2.6825692684144213,1.1545305114573152,1.9588516482551037,2.6292297684796044,0.004278926
MDC,MDC_South Dam Pond_South Dam Pond vs. MDC_Matney 4 South_Matney 4 South,0,4.4743833339043615,-4.4743833339043615,0,1.1545305114573152,1.0744908149711263,-4.164189466826291,1.5623e-5
MDC,MDC_Upper Goose Pond_Upper Goose Pond vs. MDC_Matney 4 South_Matney 4 South,0,4.4743833339043615,-4.4743833339043615,0,1.1545305114573152,1.0744908149711263,-4.164189466826291,1.5623e-5
MDC,MDC_Matney 7_Matney 7 vs. MDC_Matney 6_Matney 6,0,2.4448629862700058,-2.4448629862700058,0,0.42011015024041676,0.6481590470250468,-3.7720108937637478,8.0969e-5
MDC,MDC_Matney 8_Matney 8 vs. MDC_Matney 6_Matney 6,9.62465439953202,2.4448629862700058,7.179791413262014,2.6825692684144213,0.42011015024041676,1.7614424255861552,4.07608634206298,2.29e-5
MDC,MDC_South Dam Pond_South Dam Pond vs. MDC_Matney 6_Matney 6,0,2.4448629862700058,-2.4448629862700058,0,0.42011015024041676,0.6481590470250468,-3.7720108937637478,8.0969e-5
MDC,MDC_Upper Goose Pond_Upper Goose Pond vs. MDC_Matney 6_Matney 6,0,2.4448629862700058,-2.4448629862700058,0,0.42011015024041676,0.6481590470250468,-3.7720108937637478,8.0969e-5
MDC,MDC_Matney 8_Matney 8 vs. MDC_Matney 7_Matney 7,9.62465439953202,0,9.62465439953202,2.6825692684144213,0,1.6378550816279263,5.876377286057391,2e-9
MDC,MDC_South Dam Pond_South Dam Pond vs. MDC_Matney 7_Matney 7,0,0,0,0,0,0,NA,NA
MDC,MDC_Upper Goose Pond_Upper Goose Pond vs. MDC_Matney 7_Matney 7,0,0,0,0,0,0,NA,NA
MDC,MDC_South Dam Pond_South Dam Pond vs. MDC_Matney 8_Matney 8,0,9.62465439953202,-9.62465439953202,0,2.6825692684144213,1.6378550816279263,-5.876377286057391,2e-9
MDC,MDC_Upper Goose Pond_Upper Goose Pond vs. MDC_Matney 8_Matney 8,0,9.62465439953202,-9.62465439953202,0,2.6825692684144213,1.6378550816279263,-5.876377286057391,2e-9
MDC,MDC_Upper Goose Pond_Upper Goose Pond vs. MDC_South Dam Pond_South Dam Pond,0,0,0,0,0,0,NA,NA
PIX,PIX_2_2 vs. PIX_1_1,2.2329292306557442,0,2.2329292306557442,0.4107233551270579,0,0.640877020283188,3.4841774006330684,2.46826e-4
PIX,PIX_2A_2A vs. PIX_1_1,0.17448806625061178,0,0.17448806625061178,0.0046277747116026564,0,0.06802774957032355,2.564954262822337,0.00515947
PIX,PIX_3_3 vs. PIX_1_1,9.309829894335287,0,9.309829894335287,6.651915188401073,0,2.5791307040165825,3.6096774311735036,1.53289e-4
PIX,PIX_3A_3A vs. PIX_1_1,7.907873924584946,0,7.907873924584946,4.296371377608407,0,2.072769012120841,3.815125505226302,6.8057e-5
PIX,PIX_4_4 vs. PIX_1_1,6.241828828685052,0,6.241828828685052,0.5892119477876103,0,0.7676014250818001,8.131601407618396,0
PIX,PIX_4A_4A vs. PIX_1_1,1.502225898646356,0,1.502225898646356,2.1086047730595947,0,1.4521035682965573,1.0345170492271405,0.150447255
PIX,PIX_6_6 vs. PIX_1_1,0,0,0,0,0,0,NA,NA
PIX,PIX_7A_7A vs. PIX_1_1,0,0,0,0,0,0,NA,NA
PIX,PIX_7B_7B vs. PIX_1_1,133.66890434161232,0,133.66890434161232,1697.2249750259725,0,41.19739039096982,3.2445963948947503,5.88086e-4
PIX,PIX_8A_8A vs. PIX_1_1,0,0,0,0,0,0,NA,NA
PIX,PIX_8B_8B vs. PIX_1_1,0.48088165921041026,0,0.48088165921041026,0.0061604626937748,0,0.07848861505833059,6.126769581206551,0
PIX,PIX_9A_9A vs. PIX_1_1,8.6942160283153,0,8.6942160283153,5.5930858074450365,0,2.364970572215442,3.676247024152519,1.18345e-4
PIX,PIX_9B_9B vs. PIX_1_1,1.310464967555137,0,1.310464967555137,0.14585824557709048,0,0.38191392430375,3.4313097380363557,3.00337e-4
PIX,PIX_2A_2A vs. PIX_2_2,0.17448806625061178,2.2329292306557442,-2.0584411644051324,0.0046277747116026564,0.4107233551270579,0.6444774083229454,-3.19396946707813,7.01655e-4
PIX,PIX_3_3 vs. PIX_2_2,9.309829894335287,2.2329292306557442,7.0769006636795435,6.651915188401073,0.4107233551270579,2.6575625192134487,2.662929136197358,0.003873186
PIX,PIX_3A_3A vs. PIX_2_2,7.907873924584946,2.2329292306557442,5.674944693929202,4.296371377608407,0.4107233551270579,2.1695839999261297,2.615683326445265,0.004452455
PIX,PIX_4_4 vs. PIX_2_2,6.241828828685052,2.2329292306557442,4.008899598029307,0.5892119477876103,0.4107233551270579,0.9999676509341031,4.0090292863818755,3.0484e-5
PIX,PIX_4A_4A vs. PIX_2_2,1.502225898646356,2.2329292306557442,-0.7307033320093883,2.1086047730595947,0.4107233551270579,1.5872391528016982,-0.4603612068915986,0.322628487
PIX,PIX_6_6 vs. PIX_2_2,0,2.2329292306557442,-2.2329292306557442,0,0.4107233551270579,0.640877020283188,-3.4841774006330684,2.46826e-4
PIX,PIX_7A_7A vs. PIX_2_2,0,2.2329292306557442,-2.2329292306557442,0,0.4107233551270579,0.640877020283188,-3.4841774006330684,2.46826e-4
PIX,PIX_7B_7B vs. PIX_2_2,133.66890434161232,2.2329292306557442,131.43597511095658,1697.2249750259725,0.4107233551270579,41.20237491190404,3.1900096873537884,7.1134e-4
PIX,PIX_8A_8A vs. PIX_2_2,0,2.2329292306557442,-2.2329292306557442,0,0.4107233551270579,0.640877020283188,-3.4841774006330684,2.46826e-4
PIX,PIX_8B_8B vs. PIX_2_2,0.48088165921041026,2.2329292306557442,-1.7520475714453339,0.0061604626937748,0.4107233551270579,0.645665407018862,-2.7135534169854494,0.003328292
PIX,PIX_9A_9A vs. PIX_2_2,8.6942160283153,2.2329292306557442,6.461286797659556,5.5930858074450365,0.4107233551270579,2.4502671614687435,2.636972367448503,0.004182482
PIX,PIX_9B_9B vs. PIX_2_2,1.310464967555137,2.2329292306557442,-0.9224642631006073,0.14585824557709048,0.4107233551270579,0.7460439670047259,-1.2364743954758954,0.108141139
PIX,PIX_3_3 vs. PIX_2A_2A,9.309829894335287,0.17448806625061178,9.135341828084675,6.651915188401073,0.0046277747116026564,2.5800277058808256,3.5407921423719184,1.99464e-4
PIX,PIX_3A_3A vs. PIX_2A_2A,7.907873924584946,0.17448806625061178,7.7333858583343345,4.296371377608407,0.0046277747116026564,2.0738850383567575,3.728936616690133,9.6145e-5
PIX,PIX_4_4 vs. PIX_2A_2A,6.241828828685052,0.17448806625061178,6.067340762434441,0.5892119477876103,0.0046277747116026564,0.7706099678171916,7.873426267273212,0
PIX,PIX_4A_4A vs. PIX_2A_2A,1.502225898646356,0.17448806625061178,1.327737832395744,2.1086047730595947,0.0046277747116026564,1.4536961676262332,0.9133530526972711,0.180528444
PIX,PIX_6_6 vs. PIX_2A_2A,0,0.17448806625061178,-0.17448806625061178,0,0.0046277747116026564,0.06802774957032355,-2.564954262822337,0.00515947
PIX,PIX_7A_7A vs. PIX_2A_2A,0,0.17448806625061178,-0.17448806625061178,0,0.0046277747116026564,0.06802774957032355,-2.564954262822337,0.00515947
PIX,PIX_7B_7B vs. PIX_2A_2A,133.66890434161232,0.17448806625061178,133.49441627536171,1697.2249750259725,0.0046277747116026564,41.19744655680354,3.2403565616936474,5.96902e-4
PIX,PIX_8A_8A vs. PIX_2A_2A,0,0.17448806625061178,-0.17448806625061178,0,0.0046277747116026564,0.06802774957032355,-2.564954262822337,0.00515947
PIX,PIX_8B_8B vs. PIX_2A_2A,0.48088165921041026,0.17448806625061178,0.3063935929597985,0.0061604626937748,0.0046277747116026564,0.10386644022675205,2.9498805609483396,0.001589484
PIX,PIX_9A_9A vs. PIX_2A_2A,8.6942160283153,0.17448806625061178,8.519727962064687,5.5930858074450365,0.0046277747116026564,2.365948769977203,3.600977362729109,1.58512e-4
PIX,PIX_9B_9B vs. PIX_2A_2A,1.310464967555137,0.17448806625061178,1.1359769013045251,0.14585824557709048,0.0046277747116026564,0.3879252766818542,2.928339475636087,0.001703889
PIX,PIX_3A_3A vs. PIX_3_3,7.907873924584946,9.309829894335287,-1.4019559697503414,4.296371377608407,6.651915188401073,3.3088195124559876,-0.42370276301644894,0.3358913
PIX,PIX_4_4 vs. PIX_3_3,6.241828828685052,9.309829894335287,-3.0680010656502352,0.5892119477876103,6.651915188401073,2.690934249696318,-1.1401248715001011,0.127117141
PIX,PIX_4A_4A vs. PIX_3_3,1.502225898646356,9.309829894335287,-7.807603995688932,2.1086047730595947,6.651915188401073,2.9598175554349067,-2.6378666419328356,0.004171469
PIX,PIX_6_6 vs. PIX_3_3,0,9.309829894335287,-9.309829894335287,0,6.651915188401073,2.5791307040165825,-3.6096774311735036,1.53289e-4
PIX,PIX_7A_7A vs. PIX_3_3,0,9.309829894335287,-9.309829894335287,0,6.651915188401073,2.5791307040165825,-3.6096774311735036,1.53289e-4
PIX,PIX_7B_7B vs. PIX_3_3,133.66890434161232,9.309829894335287,124.35907444727704,1697.2249750259725,6.651915188401073,41.27804368201542,3.0127172548504153,0.0012946
PIX,PIX_8A_8A vs. PIX_3_3,0,9.309829894335287,-9.309829894335287,0,6.651915188401073,2.5791307040165825,-3.6096774311735036,1.53289e-4
PIX,PIX_8B_8B vs. PIX_3_3,0.48088165921041026,9.309829894335287,-8.828948235124876,0.0061604626937748,6.651915188401073,2.5803247181498006,-3.4216423123116058,3.11221e-4
PIX,PIX_9A_9A vs. PIX_3_3,8.6942160283153,9.309829894335287,-0.6156138660199879,5.5930858074450365,6.651915188401073,3.4992857836773075,-0.1759255756964941,0.430176206
PIX,PIX_9B_9B vs. PIX_3_3,1.310464967555137,9.309829894335287,-7.99936492678015,0.14585824557709048,6.651915188401073,2.6072540025816746,-3.0681187635954403,0.001077055
PIX,PIX_4_4 vs. PIX_3A_3A,6.241828828685052,7.907873924584946,-1.6660450958998938,0.5892119477876103,4.296371377608407,2.2103355685044788,-0.7537521087927596,0.225499043
PIX,PIX_4A_4A vs. PIX_3A_3A,1.502225898646356,7.907873924584946,-6.40564802593859,2.1086047730595947,4.296371377608407,2.5308054351664415,-2.5310709139983,0.005685743
PIX,PIX_6_6 vs. PIX_3A_3A,0,7.907873924584946,-7.907873924584946,0,4.296371377608407,2.072769012120841,-3.815125505226302,6.8057e-5
PIX,PIX_7A_7A vs. PIX_3A_3A,0,7.907873924584946,-7.907873924584946,0,4.296371377608407,2.072769012120841,-3.815125505226302,6.8057e-5
PIX,PIX_7B_7B vs. PIX_3A_3A,133.66890434161232,7.907873924584946,125.76103041702737,1697.2249750259725,4.296371377608407,41.249501165512065,3.048789121410608,0.001148829
PIX,PIX_8A_8A vs. PIX_3A_3A,0,7.907873924584946,-7.907873924584946,0,4.296371377608407,2.072769012120841,-3.815125505226302,6.8057e-5
PIX,PIX_8B_8B vs. PIX_3A_3A,0.48088165921041026,7.907873924584946,-7.426992265374536,0.0061604626937748,4.296371377608407,2.0742545264027226,-3.5805597484966336,1.71429e-4
PIX,PIX_9A_9A vs. PIX_3A_3A,8.6942160283153,7.907873924584946,0.7863421037303535,5.5930858074450365,4.296371377608407,3.1447507349634956,0.2500491040475046,0.401274687
PIX,PIX_9B_9B vs. PIX_3A_3A,1.310464967555137,7.907873924584946,-6.597408957029809,0.14585824557709048,4.296371377608407,2.1076597503357837,-3.1302058864001823,8.73419e-4
PIX,PIX_4A_4A vs. PIX_4_4,1.502225898646356,6.241828828685052,-4.739602930038696,2.1086047730595947,0.5892119477876103,1.64250318746942,-2.88559740169572,0.001953358
PIX,PIX_6_6 vs. PIX_4_4,0,6.241828828685052,-6.241828828685052,0,0.5892119477876103,0.7676014250818001,-8.131601407618396,0
PIX,PIX_7A_7A vs. PIX_4_4,0,6.241828828685052,-6.241828828685052,0,0.5892119477876103,0.7676014250818001,-8.131601407618396,0
PIX,PIX_7B_7B vs. PIX_4_4,133.66890434161232,6.241828828685052,127.42707551292726,1697.2249750259725,0.5892119477876103,41.204540853815615,3.092549337341476,9.92226e-4
PIX,PIX_8A_8A vs. PIX_4_4,0,6.241828828685052,-6.241828828685052,0,0.5892119477876103,0.7676014250818001,-8.131601407618396,0
PIX,PIX_8B_8B vs. PIX_4_4,0.48088165921041026,6.241828828685052,-5.760947169474642,0.0061604626937748,0.5892119477876103,0.7716037911268873,-7.466198631633313,0
PIX,PIX_9A_9A vs. PIX_4_4,8.6942160283153,6.241828828685052,2.4523871996302473,5.5930858074450365,0.5892119477876103,2.486422682335537,0.9863114654852972,0.161990148
PIX,PIX_9B_9B vs. PIX_4_4,1.310464967555137,6.241828828685052,-4.931363861129915,0.14585824557709048,0.5892119477876103,0.8573623465983917,-5.7517849724742804,4e-9
PIX,PIX_6_6 vs. PIX_4A_4A,0,1.502225898646356,-1.502225898646356,0,2.1086047730595947,1.4521035682965573,-1.0345170492271405,0.150447255
PIX,PIX_7A_7A vs. PIX_4A_4A,0,1.502225898646356,-1.502225898646356,0,2.1086047730595947,1.4521035682965573,-1.0345170492271405,0.150447255
PIX,PIX_7B_7B vs. PIX_4A_4A,133.66890434161232,1.502225898646356,132.16667844296597,1697.2249750259725,2.1086047730595947,41.22297393200825,3.20614128085366,6.7264e-4
PIX,PIX_8A_8A vs. PIX_4A_4A,0,1.502225898646356,-1.502225898646356,0,2.1086047730595947,1.4521035682965573,-1.0345170492271405,0.150447255
PIX,PIX_8B_8B vs. PIX_4A_4A,0.48088165921041026,1.502225898646356,-1.0213442394359458,0.0061604626937748,2.1086047730595947,1.4542232413743668,-0.7023297457897091,0.241236773
PIX,PIX_9A_9A vs. PIX_4A_4A,8.6942160283153,1.502225898646356,7.191990129668944,5.5930858074450365,2.1086047730595947,2.7751919898458612,2.591528858537963,0.004777526
PIX,PIX_9B_9B vs. PIX_4A_4A,1.310464967555137,1.502225898646356,-0.19176093109121894,0.14585824557709048,2.1086047730595947,1.5014869358861187,-0.12771401902211635,0.449187648
PIX,PIX_7A_7A vs. PIX_6_6,0,0,0,0,0,0,NA,NA
PIX,PIX_7B_7B vs. PIX_6_6,133.66890434161232,0,133.66890434161232,1697.2249750259725,0,41.19739039096982,3.2445963948947503,5.88086e-4
PIX,PIX_8A_8A vs. PIX_6_6,0,0,0,0,0,0,NA,NA
PIX,PIX_8B_8B vs. PIX_6_6,0.48088165921041026,0,0.48088165921041026,0.0061604626937748,0,0.07848861505833059,6.126769581206551,0
PIX,PIX_9A_9A vs. PIX_6_6,8.6942160283153,0,8.6942160283153,5.5930858074450365,0,2.364970572215442,3.676247024152519,1.18345e-4
PIX,PIX_9B_9B vs. PIX_6_6,1.310464967555137,0,1.310464967555137,0.14585824557709048,0,0.38191392430375,3.4313097380363557,3.00337e-4
PIX,PIX_7B_7B vs. PIX_7A_7A,133.66890434161232,0,133.66890434161232,1697.2249750259725,0,41.19739039096982,3.2445963948947503,5.88086e-4
PIX,PIX_8A_8A vs. PIX_7A_7A,0,0,0,0,0,0,NA,NA
PIX,PIX_8B_8B vs. PIX_7A_7A,0.48088165921041026,0,0.48088165921041026,0.0061604626937748,0,0.07848861505833059,6.126769581206551,0
PIX,PIX_9A_9A vs. PIX_7A_7A,8.6942160283153,0,8.6942160283153,5.5930858074450365,0,2.364970572215442,3.676247024152519,1.18345e-4
PIX,PIX_9B_9B vs. PIX_7A_7A,1.310464967555137,0,1.310464967555137,0.14585824557709048,0,0.38191392430375,3.4313097380363557,3.00337e-4
PIX,PIX_8A_8A vs. PIX_7B_7B,0,133.66890434161232,-133.66890434161232,0,1697.2249750259725,41.19739039096982,-3.2445963948947503,5.88086e-4
PIX,PIX_8B_8B vs. PIX_7B_7B,0.48088165921041026,133.66890434161232,-133.1880226824019,0.0061604626937748,1697.2249750259725,41.19746515853453,-3.232917903319362,6.12664e-4
PIX,PIX_9A_9A vs. PIX_7B_7B,8.6942160283153,133.66890434161232,-124.97468831329702,5.5930858074450365,1697.2249750259725,41.26521611276763,-3.028572247671552,0.001228562
PIX,PIX_9B_9B vs. PIX_7B_7B,1.310464967555137,133.66890434161232,-132.35843937405718,0.14585824557709048,1697.2249750259725,41.199160589404606,-3.212648934602237,6.57585e-4
PIX,PIX_8B_8B vs. PIX_8A_8A,0.48088165921041026,0,0.48088165921041026,0.0061604626937748,0,0.07848861505833059,6.126769581206551,0
PIX,PIX_9A_9A vs. PIX_8A_8A,8.6942160283153,0,8.6942160283153,5.5930858074450365,0,2.364970572215442,3.676247024152519,1.18345e-4
PIX,PIX_9B_9B vs. PIX_8A_8A,1.310464967555137,0,1.310464967555137,0.14585824557709048,0,0.38191392430375,3.4313097380363557,3.00337e-4
PIX,PIX_9A_9A vs. PIX_8B_8B,8.6942160283153,0.48088165921041026,8.213334369104889,5.5930858074450365,0.0061604626937748,2.3662726533810114,3.4710008406551944,2.59261e-4
PIX,PIX_9B_9B vs. PIX_8B_8B,1.310464967555137,0.48088165921041026,0.8295833083447267,0.14585824557709048,0.0061604626937748,0.38989576590528047,2.1277053532975834,0.01668076
PIX,PIX_9B_9B vs. PIX_9A_9A,1.310464967555137,8.6942160283153,-7.383751060760162,0.14585824557709048,5.5930858074450365,2.3956093281297197,-3.0822016653795314,0.001027378
SLW,SLW_Beach Lake 3_Beach Lake 3 vs. SLW_Beach Lake 1_Beach Lake 1,0,0.04966206626103491,-0.04966206626103491,NA,31.23740652060704,NA,NA,NA
SLW,SLW_Lewis 1_22 vs. SLW_Beach Lake 1_Beach Lake 1,3.611742190412672,0.04966206626103491,3.562080124151637,54.30338559165621,31.23740652060704,9.248826526228246,0.3851386026162483,0.350067365
SLW,SLW_Lewis 6_22 vs. SLW_Beach Lake 1_Beach Lake 1,10.865161567735303,0.04966206626103491,10.815499501474267,743.4081968519553,31.23740652060704,27.83245593497926,0.3885930701459072,0.348788597
SLW,SLW_LIC_57 vs. SLW_Beach Lake 1_Beach Lake 1,1.8318858690934394,0.04966206626103491,1.7822238028324044,30.635728907021267,31.23740652060704,7.865947840383147,0.2265745767703429,0.410377281
SLW,SLW_Lewis 1_22 vs. SLW_Beach Lake 3_Beach Lake 3,3.611742190412672,0,3.611742190412672,54.30338559165621,NA,NA,NA,NA
SLW,SLW_Lewis 6_22 vs. SLW_Beach Lake 3_Beach Lake 3,10.865161567735303,0,10.865161567735303,743.4081968519553,NA,NA,NA,NA
SLW,SLW_LIC_57 vs. SLW_Beach Lake 3_Beach Lake 3,1.8318858690934394,0,1.8318858690934394,30.635728907021267,NA,NA,NA,NA
SLW,SLW_Lewis 6_22 vs. SLW_Lewis 1_22,10.865161567735303,3.611742190412672,7.253419377322631,743.4081968519553,54.30338559165621,28.243788386893346,0.2568146764861265,0.39866092
SLW,SLW_LIC_57 vs. SLW_Lewis 1_22,1.8318858690934394,3.611742190412672,-1.7798563213192324,30.635728907021267,54.30338559165621,9.216241885859848,-0.19312170224720368,0.423431828
SLW,SLW_LIC_57 vs. SLW_Lewis 6_22,1.8318858690934394,10.865161567735303,-9.033275698641864,30.635728907021267,743.4081968519553,27.821644914687855,-0.32468517682334935,0.372709677
